country,City,cost_of_living_index,Rent_Index,Cost_of_living_plus_rent_index,Groceries_index,Restaurant_price_index,Local_purchasing_power_index,year
Germany,Aachen,62.14,22.3,43.38,52.39,56.62,153.14,2016
Denmark,Aalborg,81.71,23.53,54.31,63.84,95.81,118.42,2016
United Kingdom,Aberdeen,82.12,33.49,59.22,62.94,97.71,124.41,2016
United Arab Emirates,Abu Dhabi,62.74,69.91,66.12,53.59,61.65,134.74,2016
Ghana,Accra,64.16,46.19,55.7,59.38,49.11,15.31,2016
Saudi Arabia,Ad Dammam,67.75,13.5,42.21,79.66,34.24,108.9,2016
Ethiopia,Addis Ababa,45.17,21.85,34.19,37.27,23.8,17.63,2016
Australia,Adelaide,79.34,33.66,57.83,74.0,78.34,137.87,2016
India,Ahmedabad,23.99,5.32,15.2,24.59,15.88,72.71,2016
OH,Akron,86.83,21.98,56.3,94.44,74.23,82.19,2016
Saudi Arabia,Al Khobar,47.54,15.95,32.67,40.29,33.96,279.02,2016
NY,Albany,82.22,33.3,59.19,88.75,73.91,158.04,2016
NM,Albuquerque,64.46,25.22,45.98,61.95,68.67,138.87,2016
Italy,Alessandria,85.32,9.01,49.39,78.69,76.42,119.38,2016
Algeria,Algiers,33.92,10.12,22.71,34.02,26.54,41.82,2016
Spain,Alicante,57.09,15.7,37.6,43.99,49.6,85.68,2016
PA,Allentown,86.59,32.41,61.08,91.75,74.59,82.12,2016
Kazakhstan,Almaty,31.03,12.24,22.18,25.15,32.52,50.24,2016
Jordan,Amman,58.61,13.71,37.47,48.76,57.05,46.07,2016
Netherlands,Amsterdam,79.9,50.82,66.21,63.04,87.52,105.97,2016
AK,Anchorage,95.68,43.63,71.17,95.09,86.34,142.68,2016
Turkey,Ankara,44.84,9.02,27.97,39.6,33.33,70.6,2016
MI,Ann Arbor,66.78,41.87,55.05,62.84,62.21,160.88,2016
Turkey,Antalya,44.48,7.49,27.06,38.9,34.2,60.66,2016
Belgium,Antwerp,79.2,27.41,54.81,70.48,89.04,99.12,2016
Romania,Arad,34.74,8.1,22.2,28.77,26.16,61.51,2016
Denmark,Arhus,81.83,32.82,58.75,59.12,102.57,122.82,2016
VA,Arlington,87.48,75.14,81.67,82.12,88.06,116.39,2016
NC,Asheville,80.21,36.91,59.82,89.02,70.28,143.33,2016
Kazakhstan,Astana,31.02,16.27,24.07,23.47,32.11,45.96,2016
Paraguay,Asuncion,32.51,9.03,21.45,24.96,26.97,43.43,2016
Greece,Athens,58.75,12.24,36.85,45.43,64.36,56.39,2016
GA,Atlanta,73.98,40.9,58.4,74.35,68.63,151.56,2016
New Zealand,Auckland,83.71,45.32,65.63,75.33,74.33,104.64,2016
TX,Austin,69.85,50.56,60.77,66.49,69.41,126.94,2016
Iraq,Baghdad,47.87,17.03,33.35,36.71,45.15,63.93,2016
CA,Bakersfield,70.52,26.85,49.96,70.77,69.57,142.94,2016
Azerbaijan,Baku,29.25,10.84,20.58,24.09,32.12,35.76,2016
Indonesia,Bali,39.7,13.57,27.4,42.44,22.62,26.44,2016
MD,Baltimore,76.83,49.19,63.81,76.6,77.41,152.44,2016
Brunei,Bandar Seri Begawan,54.51,18.28,37.45,51.97,34.78,66.65,2016
Indonesia,Bandung,35.51,7.67,22.4,41.88,15.87,29.78,2016
India,Bangalore,26.23,8.67,17.96,26.86,16.46,103.17,2016
Thailand,Bangkok,50.51,25.91,38.93,55.05,26.04,49.86,2016
Bosnia And Herzegovina,Banja Luka,35.66,6.73,22.04,28.4,26.8,55.04,2016
Spain,Barcelona,64.25,27.46,46.93,53.25,62.07,92.16,2016
Italy,Bari,66.42,15.36,42.38,56.99,60.73,60.91,2016
Canada,Barrie,70.65,27.03,50.11,69.04,62.51,132.95,2016
Switzerland,Basel,130.43,49.86,92.49,133.13,120.9,130.14,2016
United Kingdom,Bath,82.73,41.54,63.33,82.7,76.56,130.75,2016
Israel,Beersheba,79.74,18.53,50.92,66.15,77.41,84.54,2016
China,Beijing,51.84,41.96,47.19,51.41,37.36,67.87,2016
Lebanon,Beirut,62.26,40.23,51.88,45.48,61.06,60.16,2016
United Kingdom,Belfast,62.65,23.6,44.26,57.26,70.79,109.29,2016
Serbia,Belgrade,36.86,10.08,24.25,26.6,32.99,44.06,2016
Brazil,Belo Horizonte,46.94,13.22,31.07,37.26,34.83,44.89,2016
Italy,Bergamo,73.26,20.52,48.43,58.0,87.04,89.36,2016
Norway,Bergen,105.59,43.49,76.35,94.86,112.63,112.84,2016
CA,Berkeley,88.72,77.46,83.42,96.91,79.12,106.72,2016
Germany,Berlin,65.68,27.97,47.92,52.12,57.43,122.4,2016
Switzerland,Bern,120.3,46.38,85.49,118.18,117.81,144.0,2016
India,Bhopal,25.64,4.35,15.62,21.05,12.76,58.81,2016
India,Bhubaneswar,22.44,4.15,13.83,23.27,12.9,65.31,2016
Spain,Bilbao,65.24,27.72,47.58,55.19,69.37,97.83,2016
AL,Birmingham,66.68,27.55,48.26,65.88,69.97,133.32,2016
United Kingdom,Birmingham,68.23,28.54,49.54,56.23,73.46,107.67,2016
Kyrgyzstan,Bishkek,33.13,12.12,23.24,28.19,24.69,29.18,2016
Colombia,Bogota,36.18,14.18,25.82,30.39,26.07,40.46,2016
ID,Boise,63.0,28.14,46.58,61.74,66.11,115.85,2016
Italy,Bologna,68.94,23.85,47.71,59.31,73.98,98.03,2016
Italy,Bolzano-Bozen,82.74,28.07,57.0,77.43,81.57,79.31,2016
Germany,Bonn,65.25,28.0,47.71,44.66,68.74,110.13,2016
MA,Boston,82.97,75.84,79.62,81.69,84.74,137.46,2016
CO,Boulder,77.1,57.75,67.99,69.45,83.69,143.93,2016
United Kingdom,Bournemouth,75.59,33.68,55.85,69.91,74.62,93.27,2016
Portugal,Braga,46.84,11.82,30.35,36.51,36.23,70.01,2016
Brazil,Brasilia,51.46,17.01,35.24,39.84,46.02,59.25,2016
Romania,Brasov,35.57,8.66,22.9,28.37,31.28,59.83,2016
Slovakia,Bratislava,49.31,20.38,35.69,43.62,38.53,74.13,2016
Germany,Bremen,60.75,21.52,42.28,41.66,65.33,161.8,2016
Italy,Brescia,63.1,17.32,41.55,51.82,66.43,102.19,2016
United Kingdom,Brighton,78.89,43.23,62.1,66.8,89.47,87.14,2016
Australia,Brisbane,78.97,46.68,63.76,71.87,78.81,131.13,2016
United Kingdom,Bristol,74.34,37.61,57.04,64.49,83.44,98.9,2016
Czech Republic,Brno,41.93,14.69,29.1,36.09,28.41,81.93,2016
NY,Brooklyn,87.4,81.03,84.4,83.35,99.09,106.13,2016
Belgium,Brussels,77.13,32.58,56.15,66.25,86.92,107.5,2016
Romania,Bucharest,39.34,12.35,26.63,31.2,35.91,54.54,2016
Hungary,Budapest,44.66,15.0,30.7,34.54,34.59,54.73,2016
Argentina,Buenos Aires,58.25,16.83,38.75,46.73,58.47,59.82,2016
NY,Buffalo,75.67,27.9,53.18,77.05,70.16,120.28,2016
VT,Burlington,86.69,42.0,65.65,96.42,77.95,127.41,2016
Turkey,Bursa,42.73,7.18,25.99,36.99,29.29,73.36,2016
Poland,Bydgoszcz,39.89,12.04,26.77,31.25,36.3,69.55,2016
Italy,Cagliari,75.29,21.64,50.03,62.95,76.62,56.64,2016
Australia,Cairns,78.5,30.75,56.02,72.96,79.96,87.29,2016
Egypt,Cairo,35.52,9.33,23.19,31.49,29.98,35.68,2016
Canada,Calgary,75.59,35.69,56.8,74.44,73.66,133.0,2016
Colombia,Cali,29.41,7.29,18.99,24.06,22.65,35.29,2016
United Kingdom,Cambridge,75.12,43.75,60.35,61.83,85.1,125.5,2016
Brazil,Campinas,53.12,16.88,36.06,40.43,41.82,57.84,2016
Australia,Canberra,75.97,44.15,60.99,73.4,75.45,164.92,2016
Mexico,Cancun,37.89,11.22,25.34,30.94,35.53,63.52,2016
South Africa,Cape Town,38.15,21.62,30.37,30.92,37.72,107.47,2016
Venezuela,Caracas,54.25,10.49,33.64,39.35,43.21,2.05,2016
United Kingdom,Cardiff,67.14,25.7,47.63,57.9,73.25,125.08,2016
Morocco,Casablanca,37.43,14.72,26.73,33.55,25.22,49.44,2016
Italy,Catania,64.14,14.38,40.71,49.97,59.83,61.72,2016
Philippines,Cebu,40.88,12.17,27.36,40.22,25.97,27.1,2016
India,Chandigarh,25.64,6.46,16.61,25.49,17.68,64.32,2016
Greece,Chania,52.54,8.25,31.68,46.14,49.68,93.7,2016
SC,Charleston,83.18,49.28,67.22,90.43,79.47,140.74,2016
NC,Charlotte,72.63,40.45,57.47,74.72,67.8,130.42,2016
VA,Charlottesville,71.78,35.61,54.75,74.22,72.31,107.1,2016
TN,Chattanooga,74.05,25.84,51.35,80.51,67.4,149.64,2016
China,Chengdu,37.72,12.05,25.63,33.12,25.9,85.05,2016
India,Chennai,25.77,6.98,16.92,27.37,15.58,83.75,2016
Thailand,Chiang Mai,41.05,12.38,27.55,49.58,19.81,33.57,2016
IL,Chicago,84.14,56.68,71.21,82.67,84.15,128.59,2016
Moldova,Chisinau,27.16,8.04,18.16,21.15,19.5,30.14,2016
New Zealand,Christchurch,80.52,33.05,58.17,73.04,85.35,83.5,2016
OH,Cincinnati,70.77,31.67,52.36,64.3,71.51,137.97,2016
OH,Cleveland,78.52,30.34,55.83,79.98,71.5,116.9,2016
Romania,Cluj-napoca,37.5,11.37,25.19,31.93,29.49,56.3,2016
India,Coimbatore,23.09,5.43,14.77,23.32,16.35,47.37,2016
Portugal,Coimbra,47.34,14.06,31.67,36.82,38.26,75.13,2016
Germany,Cologne,70.37,28.13,50.48,51.58,69.61,115.68,2016
Sri Lanka,Colombo,36.29,11.71,24.72,40.14,20.95,25.45,2016
CO,Colorado Springs,72.37,29.11,52.0,66.48,70.68,147.78,2016
SC,Columbia,70.72,30.62,51.83,77.54,61.79,94.09,2016
OH,Columbus,70.75,36.67,54.7,69.46,63.62,126.35,2016
Chile,Concepcion,43.02,11.65,28.25,37.39,27.45,84.62,2016
Romania,Constanta,38.77,8.29,24.42,32.03,31.44,43.28,2016
Denmark,Copenhagen,89.01,46.18,68.84,68.8,108.82,115.35,2016
Argentina,Cordoba,52.34,11.03,32.89,42.93,45.65,71.7,2016
Greece,Corfu,54.33,8.95,32.96,43.7,60.61,91.36,2016
Ireland,Cork,75.88,34.98,56.62,64.79,79.56,135.0,2016
TX,Corpus Christi,81.7,31.17,57.91,82.82,70.79,97.51,2016
United Kingdom,Coventry,66.0,30.74,49.4,52.67,69.83,110.98,2016
Romania,Craiova,31.53,5.9,19.46,25.18,23.59,57.37,2016
Ecuador,Cuenca,46.4,12.24,30.31,48.78,27.16,39.79,2016
Italy,Cuneo,107.11,13.04,62.82,95.07,71.98,103.08,2016
Brazil,Curitiba,46.88,12.76,30.81,36.32,38.94,51.73,2016
Selangor,Cyberjaya,41.86,9.55,26.65,51.21,19.37,111.99,2016
TX,Dallas,67.64,41.87,55.5,60.87,70.42,172.18,2016
Syria,Damascus,29.6,8.42,19.63,26.04,26.89,21.41,2016
Tanzania,Dar Es Salaam,56.99,30.68,44.6,48.48,36.92,38.5,2016
Australia,Darwin,88.44,45.92,68.42,91.04,92.33,121.99,2016
Philippines,Davao,32.88,5.9,20.18,30.44,15.89,41.02,2016
OH,Dayton,69.93,22.44,47.57,70.09,61.28,115.75,2016
Hungary,Debrecen,41.66,9.82,26.66,34.79,30.25,43.72,2016
India,Delhi,27.97,9.78,19.4,25.61,21.82,81.22,2016
Netherlands,Den Haag,76.09,30.48,54.61,59.41,80.46,127.64,2016
CO,Denver,78.76,53.48,66.85,75.14,76.17,126.63,2016
United Kingdom,Derby,66.57,21.69,45.44,53.52,70.82,128.29,2016
IA,Des Moines,76.63,31.16,55.22,85.47,63.94,103.54,2016
MI,Detroit,74.52,32.58,54.77,73.68,63.64,158.96,2016
Bangladesh,Dhaka,36.29,6.81,22.41,30.64,25.92,40.49,2016
Ukraine,Dnipropetrovsk,26.61,6.93,17.34,19.18,20.71,27.38,2016
Qatar,Doha,66.92,70.42,68.57,53.54,72.68,129.92,2016
Germany,Dresden,60.77,20.0,41.57,45.74,51.84,138.31,2016
United Arab Emirates,Dubai,69.01,76.08,72.34,56.8,64.55,122.84,2016
Ireland,Dublin,82.25,50.65,67.37,66.17,87.55,106.56,2016
United Kingdom,Dundee,64.35,21.21,44.03,55.38,68.21,107.5,2016
New Zealand,Dunedin,76.83,24.25,52.07,70.38,76.8,118.49,2016
South Africa,Durban,36.79,13.9,26.01,28.94,35.21,106.07,2016
NC,Durham,71.3,34.48,53.96,77.38,63.39,185.2,2016
Germany,Dusseldorf,91.99,39.27,67.16,82.97,84.83,108.85,2016
United Kingdom,Edinburgh,73.15,31.89,53.72,61.54,80.34,107.1,2016
Canada,Edmonton,73.06,30.22,52.89,70.74,70.87,116.49,2016
Netherlands,Eindhoven,70.22,31.41,51.94,53.39,80.14,120.08,2016
Finland,Espoo,73.62,34.54,55.22,59.83,84.35,116.14,2016
OR,Eugene,71.13,31.01,52.24,77.67,60.37,138.62,2016
United Kingdom,Exeter,70.16,29.44,50.99,57.4,76.53,84.94,2016
VA,Fairfax,82.23,56.2,69.97,77.52,77.73,135.62,2016
AR,Fayetteville,73.44,21.79,49.12,77.69,66.31,100.23,2016
Italy,Ferrara,112.93,19.02,68.71,104.64,98.57,84.37,2016
Italy,Florence,73.74,28.51,52.44,60.99,77.62,72.14,2016
Brazil,Florianopolis,47.82,14.07,31.93,37.11,40.28,49.19,2016
CO,Fort Collins,82.96,39.16,62.34,90.86,75.52,88.36,2016
FL,Fort Lauderdale,74.65,58.79,67.18,73.46,73.78,108.5,2016
Canada,Fort McMurray,85.6,60.99,74.01,90.67,72.95,165.1,2016
FL,Fort Myers,71.36,29.25,51.53,73.98,66.41,94.57,2016
TX,Fort Worth,71.99,36.37,55.22,71.98,60.74,174.79,2016
Brazil,Fortaleza,44.54,10.21,28.37,35.8,29.39,43.52,2016
Germany,Frankfurt,76.25,33.35,56.05,63.88,70.41,131.95,2016
Germany,Freiburg Im Breisgau,65.1,28.86,48.04,52.19,59.26,121.77,2016
CA,Fremont,67.92,68.46,68.17,56.81,71.98,182.98,2016
CA,Fresno,76.02,32.31,55.44,72.13,77.93,105.46,2016
Botswana,Gaborone,37.58,12.04,25.55,31.88,30.51,58.17,2016
FL,Gainesville,69.92,28.26,50.3,67.91,61.78,100.68,2016
Ireland,Galway,72.5,30.74,52.84,58.31,76.61,135.52,2016
Poland,Gdansk,39.89,14.11,27.75,28.92,33.25,73.02,2016
Poland,Gdynia,38.79,12.38,26.35,30.11,32.09,73.04,2016
Switzerland,Geneva,133.14,76.32,106.39,125.78,134.71,145.3,2016
Italy,Genoa,75.35,21.5,49.99,67.4,77.26,79.48,2016
Belgium,Gent,81.51,26.18,55.46,74.51,86.46,95.19,2016
United Kingdom,Glasgow,70.73,27.72,50.48,56.87,84.03,114.54,2016
India,Goa,25.44,7.8,17.13,24.28,20.63,63.66,2016
Australia,Gold Coast,74.66,37.66,57.24,69.54,70.4,130.71,2016
Sweden,Gothenburg,75.79,27.38,53.0,68.95,80.16,122.41,2016
MI,Grand Rapids,74.83,33.36,55.31,75.09,68.1,135.47,2016
Canada,Grande Prairie,88.71,30.07,61.1,91.61,75.4,109.6,2016
Austria,Graz,63.95,21.68,44.05,50.22,62.74,130.65,2016
NC,Greensboro,75.71,26.17,52.38,81.29,60.08,169.02,2016
SC,Greenville,71.16,36.47,54.82,74.86,66.79,146.03,2016
France,Grenoble,80.8,23.62,53.87,78.88,73.09,119.61,2016
Netherlands,Groningen,70.06,27.14,49.85,57.02,76.42,113.35,2016
Mexico,Guadalajara,30.92,7.76,20.01,29.85,26.46,52.5,2016
China,Guangzhou,44.77,22.03,34.06,47.2,26.34,75.9,2016
Guatemala,Guatemala City,43.98,14.56,30.12,39.39,37.1,52.41,2016
Ecuador,Guayaquil,48.76,13.25,32.04,43.96,37.23,40.3,2016
Canada,Guelph,67.01,27.88,48.58,62.84,64.47,100.78,2016
India,Gurgaon,30.76,9.78,20.88,29.14,26.61,106.17,2016
India,Guwahati,23.44,3.81,14.2,25.98,13.61,51.97,2016
Israel,Haifa,74.22,21.13,49.22,59.53,82.73,103.11,2016
Canada,Halifax,75.05,26.91,52.38,77.71,74.58,104.39,2016
Germany,Hamburg,75.3,32.55,55.17,61.96,65.02,125.7,2016
Bermuda,Hamilton,133.26,112.14,123.32,121.17,138.91,129.67,2016
Canada,Hamilton,59.9,23.14,42.59,54.54,59.37,151.38,2016
New Zealand,Hamilton,87.27,25.93,58.39,69.73,86.75,121.19,2016
Vietnam,Hanoi,40.74,17.51,29.8,37.21,21.41,24.3,2016
Zimbabwe,Harare,52.52,15.68,35.17,41.76,43.33,28.42,2016
PA,Harrisburg,72.95,25.1,50.42,77.9,64.0,159.64,2016
CT,Hartford,74.74,40.63,58.68,74.54,82.38,132.22,2016
Germany,Heidelberg,73.04,30.9,53.2,61.24,67.09,151.7,2016
Finland,Helsinki,79.71,38.41,60.26,66.84,90.98,118.11,2016
Greece,Heraklion,55.99,9.16,33.94,47.38,52.76,86.21,2016
Vietnam,Ho Chi Minh City,42.5,19.28,31.57,44.07,19.83,28.25,2016
Australia,Hobart,79.52,29.52,55.98,74.64,86.37,110.79,2016
Hong Kong,Hong Kong,77.69,82.04,79.74,78.36,54.34,91.98,2016
HI,Honolulu,96.55,67.54,82.89,106.08,84.28,89.38,2016
TX,Houston,70.43,45.8,58.83,66.27,77.05,157.89,2016
AL,Huntsville,68.67,22.51,46.93,67.61,68.31,142.61,2016
India,Hyderabad,23.48,5.85,15.18,24.37,14.33,85.16,2016
Romania,Iasi,34.76,9.75,22.98,27.69,28.27,50.39,2016
IN,Indianapolis,73.72,31.1,53.66,75.48,66.08,97.08,2016
India,Indore,23.74,4.12,14.5,22.9,16.29,46.74,2016
Iraq,Irbil,57.3,20.32,39.89,41.98,59.79,45.09,2016
CA,Irvine,81.99,64.68,73.84,89.37,66.61,143.55,2016
Pakistan,Islamabad,32.78,9.05,21.61,28.67,23.24,37.44,2016
Turkey,Istanbul,49.65,17.18,34.36,42.28,36.92,58.15,2016
Turkey,Izmir,44.18,9.95,28.06,37.8,32.75,61.39,2016
MS,Jackson,82.76,30.56,58.18,89.37,73.29,126.58,2016
FL,Jacksonville,72.31,32.84,53.72,72.99,73.37,113.46,2016
India,Jaipur,24.81,4.2,15.11,24.46,14.66,81.83,2016
Indonesia,Jakarta,45.24,24.89,35.66,48.74,25.44,44.09,2016
Saudi Arabia,Jeddah (Jiddah),48.98,14.91,32.94,39.64,33.21,122.95,2016
NJ,Jersey City,74.48,64.37,69.72,72.46,63.17,175.5,2016
Israel,Jerusalem,76.77,30.54,55.0,61.57,82.99,95.44,2016
South Africa,Johannesburg,41.15,17.29,29.92,33.2,39.22,116.89,2016
Malaysia,Johor Bahru,42.39,11.98,28.07,48.59,20.38,63.32,2016
Finland,Jyvaskyla,71.9,23.35,49.04,59.88,76.64,130.39,2016
Uganda,Kampala,38.69,7.9,24.19,32.94,26.61,21.56,2016
MO,Kansas City,67.05,30.23,49.71,65.07,66.85,171.96,2016
Taiwan,Kaohsiung,51.24,10.79,32.2,56.61,22.92,100.92,2016
Pakistan,Karachi,28.47,6.58,18.16,26.7,21.11,45.85,2016
Germany,Karlsruhe,69.52,31.22,51.49,53.36,67.96,119.88,2016
Nepal,Kathmandu,31.77,4.52,18.94,28.69,18.51,27.1,2016
Poland,Katowice,36.61,10.89,24.5,29.0,29.95,80.1,2016
Lithuania,Kaunas,46.3,10.24,29.32,34.83,40.08,53.56,2016
Russia,Kazan,31.57,10.85,21.81,26.59,33.55,46.73,2016
Canada,Kelowna,64.99,30.58,48.79,62.44,66.14,121.53,2016
Ukraine,Kharkiv,26.11,9.97,18.51,19.64,18.84,25.15,2016
Ukraine,Kiev,28.61,13.17,21.34,21.46,23.53,31.96,2016
Rwanda,Kigali,39.42,13.02,26.99,31.09,29.46,28.74,2016
Canada,Kingston,66.85,27.83,48.48,65.65,65.24,110.89,2016
Jamaica,Kingston,63.66,16.55,41.48,60.81,38.32,36.87,2016
Canada,Kitchener,61.97,25.18,44.64,55.13,65.77,144.9,2016
TN,Knoxville,69.65,30.72,51.32,75.3,64.71,126.93,2016
India,Kochi,22.82,5.09,14.47,24.31,12.76,82.94,2016
India,Kolkata,25.45,6.52,16.53,25.24,19.41,65.22,2016
Slovakia,Kosice,46.63,15.23,31.85,42.05,30.58,61.01,2016
Malaysia,Kota Kinabalu,49.08,8.46,29.96,52.52,24.77,59.29,2016
Poland,Krakow (Cracow),39.16,15.9,28.21,30.8,32.09,76.03,2016
Malaysia,Kuala Lumpur,44.07,18.08,31.84,45.41,25.25,90.73,2016
Malaysia,Kuching,45.0,7.68,27.43,48.13,19.07,38.98,2016
Kuwait,Kuwait City,87.32,39.68,64.89,103.43,48.51,103.31,2016
Nigeria,Lagos,36.49,20.27,28.85,31.65,25.2,33.87,2016
Pakistan,Lahore,31.54,6.2,19.61,27.54,27.57,45.61,2016
NV,Las Vegas,78.6,31.13,56.25,72.68,82.27,120.33,2016
Switzerland,Lausanne,121.14,55.15,90.07,117.69,122.09,138.76,2016
United Kingdom,Leeds,66.66,26.81,47.9,56.89,72.55,114.75,2016
United Kingdom,Leicester,74.74,22.18,49.99,61.21,91.08,99.04,2016
Netherlands,Leiden,70.38,30.08,51.4,54.08,83.14,125.85,2016
Germany,Leipzig,65.49,18.67,43.44,50.9,61.98,91.45,2016
Belgium,Leuven,79.98,27.04,55.06,78.84,77.48,89.13,2016
KY,Lexington,77.84,28.84,54.76,80.13,69.29,117.49,2016
France,Lille,73.7,24.51,50.54,64.51,71.35,104.83,2016
Peru,Lima,40.65,18.27,30.11,35.88,27.95,50.49,2016
Cyprus,Limassol,57.89,16.9,38.59,45.02,66.97,101.9,2016
Ireland,Limerick,88.14,22.25,57.11,83.24,77.72,104.15,2016
Austria,Linz,80.37,28.29,55.85,75.05,78.92,100.03,2016
Portugal,Lisbon,51.65,21.87,37.62,41.09,45.85,68.2,2016
AR,Little Rock,71.4,27.29,50.63,77.12,63.25,134.28,2016
United Kingdom,Liverpool,70.45,24.19,48.67,61.05,69.31,106.67,2016
Italy,Livorno,85.48,27.72,58.28,78.76,90.21,84.92,2016
Slovenia,Ljubljana,57.08,18.04,38.7,46.87,48.35,79.95,2016
Poland,Lodz,37.0,12.15,25.3,28.6,31.88,65.54,2016
Canada,London,69.28,23.59,47.77,69.51,64.44,114.87,2016
United Kingdom,London,85.11,77.31,81.44,61.25,94.63,87.57,2016
CA,Los Angeles,78.66,66.99,73.16,75.12,81.92,123.61,2016
KY,Louisville,73.37,28.13,52.07,82.03,61.41,122.48,2016
Angola,Luanda,136.66,160.95,148.1,123.9,104.49,24.93,2016
Poland,Lublin,36.08,13.19,25.3,27.54,26.62,68.6,2016
India,Lucknow (Lakhnau),26.25,4.95,16.22,26.66,15.74,58.91,2016
India,Ludhiana,27.02,4.32,16.33,24.93,20.43,65.71,2016
Switzerland,Lugano,118.99,50.22,86.61,111.31,127.67,141.45,2016
Zambia,Lusaka,52.59,30.84,42.35,38.43,33.48,125.86,2016
Luxembourg,Luxembourg,80.99,51.47,67.09,61.68,100.81,148.47,2016
Ukraine,Lviv,24.48,8.66,17.03,19.63,15.41,24.75,2016
France,Lyon,80.9,23.76,54.0,75.57,76.21,106.72,2016
Netherlands,Maastricht,73.37,30.33,53.1,58.37,77.9,112.76,2016
WI,Madison,67.64,38.03,53.7,65.62,64.57,137.47,2016
Spain,Madrid,61.48,28.83,46.11,48.78,63.21,89.26,2016
India,Madurai,21.45,4.34,13.39,21.23,12.18,75.68,2016
Philippines,Makati,48.43,32.65,41.0,44.59,29.54,41.75,2016
Spain,Malaga,51.66,17.54,35.6,42.24,47.11,108.71,2016
Maldives,Male,60.28,32.02,46.97,58.34,43.27,31.83,2016
Sweden,Malmo,72.16,27.69,51.22,68.19,73.3,129.25,2016
Bahrain,Manama,53.9,33.35,44.22,48.46,53.36,109.42,2016
United Kingdom,Manchester,69.41,30.39,51.04,55.72,76.98,110.15,2016
India,Mangalore,21.88,5.15,14.0,21.21,12.71,114.63,2016
Philippines,Manila,41.96,15.95,29.71,38.5,26.07,46.8,2016
Germany,Mannheim,68.69,20.37,45.94,49.25,70.9,174.8,2016
Mozambique,Maputo,30.67,15.02,23.3,22.47,32.34,41.74,2016
Slovenia,Maribor,48.91,10.62,30.88,40.48,38.32,88.37,2016
France,Marseille,65.07,22.26,44.91,57.97,68.76,111.98,2016
Colombia,Medellin,32.14,7.92,20.74,28.48,22.24,42.71,2016
Australia,Melbourne,78.04,44.15,62.08,72.32,74.05,142.32,2016
FL,Melbourne,79.88,29.47,56.14,92.03,68.69,113.14,2016
TN,Memphis,71.62,30.76,52.38,73.9,68.95,131.57,2016
Mexico,Merida,33.13,8.07,21.33,31.42,26.42,41.07,2016
Mexico,Mexico City,37.2,17.69,28.02,33.82,33.78,59.81,2016
FL,Miami,80.67,58.92,70.43,77.1,85.97,107.88,2016
Italy,Milan,76.2,39.25,58.8,65.34,85.11,86.71,2016
United Kingdom,Milton Keynes,74.22,38.87,57.57,65.5,73.56,98.35,2016
WI,Milwaukee,72.63,32.67,53.81,71.81,74.69,133.67,2016
MN,Minneapolis,80.8,41.67,62.37,87.79,69.4,126.76,2016
Belarus,Minsk,33.93,13.09,24.12,27.39,37.85,39.74,2016
Canada,Mississauga,72.19,34.73,54.55,67.78,64.47,100.19,2016
AL,Mobile,65.23,24.49,46.05,64.72,64.21,157.92,2016
Italy,Modena,71.67,18.72,46.74,63.5,73.13,78.6,2016
Canada,Moncton,63.78,18.84,42.62,62.8,62.73,115.26,2016
Mexico,Monterrey,35.9,12.61,24.93,33.47,32.04,117.66,2016
Uruguay,Montevideo,63.19,18.33,42.07,51.34,57.05,40.27,2016
France,Montpellier,76.06,23.77,51.44,72.05,65.07,86.73,2016
Canada,Montreal,67.01,24.8,47.13,67.36,64.86,118.69,2016
Russia,Moscow,41.12,27.14,34.54,31.01,48.63,60.83,2016
India,Mumbai,28.82,20.86,25.07,29.16,21.56,69.56,2016
Germany,Munich,74.49,40.83,58.64,59.13,74.58,134.46,2016
Oman,Muscat,51.63,31.43,42.12,46.52,57.25,137.14,2016
India,Mysore,25.37,4.43,15.51,30.65,11.84,39.28,2016
India,Nagpur,23.09,4.22,14.2,24.32,16.84,69.95,2016
Kenya,Nairobi,42.39,16.82,30.35,37.45,33.59,29.12,2016
France,Nantes,68.39,21.37,46.25,57.62,72.59,131.19,2016
Italy,Naples,67.86,22.27,46.39,63.45,62.34,50.74,2016
TN,Nashville,71.35,45.0,58.94,71.16,71.59,148.72,2016
India,Nasik,24.2,5.68,15.48,24.58,15.92,66.11,2016
Bahamas,Nassau,99.74,38.38,70.84,92.09,96.24,43.77,2016
India,Navi Mumbai,25.7,9.39,18.02,25.27,20.83,92.33,2016
CT,New Haven,90.72,49.07,71.11,102.15,97.55,142.42,2016
LA,New Orleans,75.6,39.48,58.6,73.77,76.65,96.19,2016
NY,New York,100.0,100.0,100.0,100.0,100.0,100.0,2016
NJ,Newark,69.12,35.57,53.32,58.79,79.41,144.2,2016
United Kingdom,Newcastle Upon Tyne,67.1,26.01,47.76,52.29,76.27,118.25,2016
Australia,Newcastle,76.56,42.79,60.66,76.51,79.19,141.59,2016
France,Nice,76.92,29.46,54.57,62.82,89.45,108.31,2016
Cyprus,Nicosia,63.86,15.61,41.14,54.78,69.9,84.54,2016
Serbia,Nis,30.12,5.1,18.34,22.44,24.51,42.68,2016
India,Noida,27.14,6.67,17.5,27.25,19.74,100.67,2016
VA,Norfolk,81.77,40.09,62.14,92.2,75.85,87.12,2016
United Kingdom,Northampton,67.16,26.85,48.18,59.6,74.13,110.82,2016
United Kingdom,Norwich,73.42,26.57,51.36,56.0,81.17,100.54,2016
United Kingdom,Nottingham,66.88,24.43,46.89,60.24,64.43,134.58,2016
Serbia,Novi Sad,34.67,6.33,21.33,25.67,28.26,49.15,2016
Russia,Novosibirsk,30.78,10.11,21.05,27.39,27.76,52.39,2016
Germany,Nuremberg,66.71,23.07,46.16,50.43,69.84,151.41,2016
CA,Oakland,88.33,76.78,82.89,93.02,87.52,107.49,2016
Denmark,Odense,81.68,20.66,52.95,62.39,101.25,145.62,2016
Ukraine,Odesa,28.43,8.39,18.99,19.73,28.55,36.44,2016
OK,Oklahoma City,63.42,28.1,46.79,67.05,59.47,138.82,2016
Czech Republic,Olomouc,39.15,11.09,25.93,35.38,27.61,85.08,2016
Romania,Oradea,35.67,6.15,21.77,29.4,24.03,47.22,2016
FL,Orlando,76.94,39.23,59.18,82.48,73.06,123.06,2016
Japan,Osaka,78.5,23.56,52.63,81.27,42.93,105.08,2016
Canada,Oshawa,77.63,28.28,54.39,82.06,65.3,81.32,2016
Croatia,Osijek,45.57,7.0,27.41,37.77,30.61,59.82,2016
Norway,Oslo,102.27,45.92,75.74,88.48,120.76,113.31,2016
Czech Republic,Ostrava,40.5,11.0,26.61,34.94,28.5,78.01,2016
Canada,Ottawa,67.78,30.36,50.16,62.92,72.53,126.53,2016
Finland,Oulu,73.18,22.85,49.48,60.02,82.99,127.92,2016
United Kingdom,Oxford,74.14,52.2,63.81,61.12,78.25,101.95,2016
Italy,Padova,72.54,22.24,48.86,59.31,74.26,73.55,2016
Italy,Palermo,65.23,15.41,41.77,59.1,60.06,66.33,2016
Spain,Palma De Mallorca,59.44,20.26,40.99,48.62,57.3,90.69,2016
Panama,Panama City,60.57,37.97,49.93,59.96,59.04,39.95,2016
Cyprus,Paphos,62.58,11.6,38.57,47.7,67.38,75.75,2016
France,Paris,84.34,45.94,66.26,78.45,83.85,100.24,2016
Italy,Parma,72.7,24.11,49.82,59.17,84.74,88.43,2016
Greece,Patras,51.47,9.37,31.64,38.95,55.92,81.62,2016
Thailand,Pattaya,44.03,16.9,31.26,48.06,25.41,26.63,2016
Malaysia,Penang,45.86,9.53,28.75,50.78,23.44,77.63,2016
FL,Pensacola,69.3,29.13,50.38,71.68,63.45,117.75,2016
Australia,Perth,86.87,42.75,66.09,80.75,93.7,132.36,2016
Italy,Perugia,107.95,19.09,66.11,93.23,99.18,72.88,2016
PA,Philadelphia,82.94,50.64,67.73,84.09,77.52,114.4,2016
Cambodia,Phnom Penh,49.38,21.65,36.32,52.83,22.51,21.55,2016
AZ,Phoenix,67.93,32.05,51.03,62.73,68.76,168.86,2016
Thailand,Phuket,48.57,14.09,32.33,52.91,25.38,47.61,2016
Italy,Pisa,74.09,23.82,50.42,64.27,83.15,56.04,2016
PA,Pittsburgh,79.94,36.4,59.44,80.09,73.36,161.24,2016
TX,Plano,73.5,39.0,57.25,66.76,62.84,183.54,2016
Mexico,Playa del Carmen,34.14,13.14,24.25,31.77,27.04,48.67,2016
Bulgaria,Plovdiv,36.18,7.42,22.64,30.48,29.79,48.3,2016
United Kingdom,Plymouth,65.83,24.38,46.32,53.53,72.42,133.0,2016
Montenegro,Podgorica,40.22,12.56,27.2,30.82,36.28,52.54,2016
South Africa,Port Elizabeth,38.69,12.09,26.17,34.19,32.94,79.84,2016
ME,Portland,78.25,38.41,59.49,76.91,87.2,98.56,2016
OR,Portland,81.19,51.25,67.09,82.36,75.97,119.29,2016
Brazil,Porto Alegre,49.84,13.36,32.66,38.76,41.31,51.62,2016
Portugal,Porto,49.26,16.26,33.72,38.58,40.05,72.67,2016
United Kingdom,Portsmouth,71.27,31.47,52.53,56.3,68.27,101.97,2016
Poland,Poznan,39.11,13.39,27.0,32.09,33.42,69.07,2016
Czech Republic,Prague,43.85,19.47,32.37,36.83,32.96,83.04,2016
South Africa,Pretoria,39.47,13.31,27.15,31.66,35.0,126.19,2016
RI,Providence,82.49,36.64,60.9,78.06,85.2,92.38,2016
Mexico,Puerto Vallarta,33.24,10.96,22.74,30.52,29.72,211.17,2016
Croatia,Pula,52.33,9.22,32.03,44.04,43.26,56.89,2016
India,Pune,25.58,7.44,17.04,26.15,17.7,116.27,2016
Canada,Quebec City,68.16,19.34,45.17,68.12,61.18,108.46,2016
NY,Queens,83.86,56.16,70.82,82.2,81.7,135.22,2016
Mexico,Queretaro,34.81,9.74,23.01,33.68,26.73,84.13,2016
Philippines,Quezon City,35.97,8.25,22.92,32.2,20.94,44.25,2016
Ecuador,Quito,46.2,15.38,31.69,43.43,34.86,39.61,2016
Morocco,Rabat,39.42,12.41,26.7,33.71,26.2,41.95,2016
NC,Raleigh,69.51,34.68,53.11,71.61,67.9,166.71,2016
Israel,Ramat Gan,81.18,30.86,57.49,67.72,87.36,91.46,2016
United Kingdom,Reading,71.67,40.28,56.89,53.81,82.06,103.0,2016
Brazil,Recife,50.25,13.65,33.02,42.1,34.71,41.76,2016
Canada,Red Deer,74.37,27.38,52.24,69.18,71.19,99.54,2016
Canada,Regina,72.51,29.22,52.13,71.65,71.08,127.65,2016
France,Rennes,74.7,20.34,49.1,71.57,68.89,129.21,2016
NV,Reno,60.96,29.86,46.32,52.83,66.35,119.61,2016
Iceland,Reykjavik,104.95,47.4,77.85,97.16,111.95,84.48,2016
Latvia,Riga,49.57,13.26,32.47,36.19,45.09,56.92,2016
Croatia,Rijeka,52.19,11.61,33.08,42.58,41.16,54.98,2016
Brazil,Rio De Janeiro,56.26,23.99,41.06,39.84,50.61,46.38,2016
CA,Riverside,72.63,40.47,57.49,70.53,69.42,144.03,2016
Saudi Arabia,Riyadh,47.79,16.43,33.02,39.02,32.66,175.47,2016
NY,Rochester,66.85,30.55,49.76,65.71,70.13,127.45,2016
Italy,Rome,71.79,38.7,56.21,60.38,77.0,82.5,2016
Netherlands,Rotterdam,72.96,27.8,51.7,56.02,86.76,118.51,2016
CA,Sacramento,78.67,38.71,59.85,79.07,73.79,129.0,2016
MO,Saint Louis,72.33,29.32,52.08,73.06,66.14,146.78,2016
MN,Saint Paul,74.19,34.95,55.71,74.37,69.46,107.26,2016
FL,Saint Petersburg,81.79,38.14,61.24,86.31,76.34,152.32,2016
Russia,Saint Petersburg,38.06,17.41,28.34,30.16,40.38,53.91,2016
OR,Salem,67.2,30.2,49.78,65.55,66.53,107.07,2016
UT,Salt Lake City,67.13,33.25,51.18,66.63,67.63,159.97,2016
TX,San Antonio,60.65,34.63,48.4,58.26,58.25,146.93,2016
CA,San Diego,77.8,60.29,69.55,78.54,77.63,127.68,2016
CA,San Francisco,95.97,125.55,109.9,105.17,91.15,105.63,2016
CA,San Jose,79.98,84.7,82.2,81.77,78.78,173.76,2016
Costa Rica,San Jose,60.32,20.83,41.72,59.38,49.18,45.17,2016
Puerto Rico,San Juan,67.31,25.49,47.62,61.73,66.63,89.14,2016
El Salvador,San Salvador,45.03,9.83,28.46,40.92,32.44,32.31,2016
CA,Santa Barbara,83.18,72.87,78.32,85.63,84.56,116.91,2016
CA,Santa Cruz,81.94,64.02,73.5,89.7,64.62,142.62,2016
Chile,Santiago,50.38,17.89,35.08,43.6,46.17,62.71,2016
Dominican Republic,Santo Domingo,53.15,15.26,35.31,46.26,42.04,24.4,2016
Brazil,Sao Paulo,54.19,21.85,38.96,41.02,48.29,43.82,2016
Bosnia And Herzegovina,Sarajevo,36.81,8.33,23.4,29.92,28.7,53.74,2016
Canada,Saskatoon,73.8,27.64,52.06,77.0,60.95,100.21,2016
GA,Savannah,68.05,29.09,49.71,64.99,80.11,113.94,2016
WA,Seattle,84.58,64.3,75.03,85.39,77.59,136.44,2016
Malaysia,Selangor,43.91,11.88,28.83,49.84,19.28,102.6,2016
South Korea,Seoul,83.2,48.58,66.9,97.12,47.99,93.33,2016
Spain,Sevilla,51.96,19.57,36.71,42.31,48.98,91.42,2016
China,Shanghai,54.31,36.25,45.8,57.81,39.65,81.8,2016
United Arab Emirates,Sharjah,58.18,31.17,45.46,48.37,46.05,117.72,2016
United Kingdom,Sheffield,65.91,24.07,46.21,56.97,77.18,107.15,2016
China,Shenzhen,53.18,34.51,44.39,57.64,36.31,85.2,2016
LA,Shreveport,66.2,24.69,46.66,65.76,63.81,109.19,2016
Romania,Sibiu,36.53,8.09,23.14,29.26,29.35,46.94,2016
Singapore,Singapore,86.11,76.65,81.66,75.58,60.69,101.51,2016
SD,Sioux Falls,70.62,27.18,50.17,73.88,54.2,96.73,2016
Macedonia,Skopje,35.72,8.69,22.99,28.3,27.61,41.69,2016
Malta,Sliema,68.43,28.99,49.86,58.42,81.58,75.11,2016
Bulgaria,Sofia,38.7,10.94,25.63,32.08,31.21,59.88,2016
United Kingdom,Southampton,73.22,31.68,53.66,63.49,76.56,114.19,2016
Croatia,Split,52.56,11.85,33.39,43.51,49.19,56.46,2016
WA,Spokane,71.9,26.44,50.49,71.33,74.82,110.11,2016
MO,Springfield,58.64,19.49,40.21,60.45,55.21,110.62,2016
NL,St. John's,81.04,23.61,54.0,86.74,79.86,102.97,2016
Norway,Stavanger,112.21,39.92,78.17,102.76,131.01,130.96,2016
Sweden,Stockholm,84.85,40.97,64.19,77.06,88.93,112.88,2016
Germany,Stuttgart,69.3,28.19,49.94,53.52,67.57,142.13,2016
Ukraine,Sumy,23.91,4.42,14.74,19.8,15.93,32.56,2016
Indonesia,Surabaya,40.92,11.78,27.2,42.55,22.53,29.07,2016
India,Surat,25.17,4.78,15.57,24.46,20.27,58.87,2016
Canada,Surrey,65.59,30.45,49.04,64.81,62.95,77.57,2016
China,Suzhou,40.62,13.69,27.94,42.18,30.17,72.41,2016
United Kingdom,Swansea,70.91,22.28,48.01,59.33,71.53,95.45,2016
Australia,Sydney,85.51,64.78,75.75,77.0,73.17,120.51,2016
NY,Syracuse,71.78,26.07,50.26,73.09,62.37,105.53,2016
Poland,Szczecin,38.75,10.39,25.4,30.11,30.86,68.01,2016
WA,Tacoma,73.76,34.17,55.12,67.49,70.56,135.39,2016
Taiwan,Taipei,64.76,21.52,44.4,76.4,30.89,126.74,2016
FL,Tallahassee,72.12,30.63,52.59,79.63,60.62,102.11,2016
Estonia,Tallinn,52.73,16.71,35.77,38.16,55.23,70.96,2016
FL,Tampa,71.66,38.6,56.09,75.08,67.05,108.17,2016
Finland,Tampere,77.11,24.89,52.52,63.45,90.31,112.96,2016
Estonia,Tartu,49.28,12.59,32.0,37.99,47.37,78.36,2016
Uzbekistan,Tashkent,40.2,12.49,27.16,34.66,27.98,25.6,2016
New Zealand,Tauranga,80.06,31.27,57.09,69.2,84.99,83.47,2016
Georgia,Tbilisi,32.53,11.28,22.53,26.21,31.66,33.64,2016
Iran,Tehran,40.27,22.04,31.69,35.34,35.31,45.95,2016
Israel,Tel AvivNAyafo,81.12,39.8,61.66,66.51,92.09,91.23,2016
India,Thane,27.73,8.56,18.7,28.16,18.03,60.4,2016
Netherlands,The Hague,78.13,40.19,60.27,61.52,87.12,115.14,2016
Greece,Thessaloniki,55.41,10.29,34.17,42.73,57.83,61.9,2016
India,Thiruvananthapuram,19.55,4.57,12.5,19.83,11.39,81.6,2016
Mexico,Tijuana,33.37,8.14,21.49,31.39,30.48,65.27,2016
Romania,Timisoara,36.22,9.21,23.5,29.55,27.72,56.42,2016
Albania,Tirana,34.66,9.6,22.86,26.61,30.95,37.61,2016
India,Tiruchirapalli (Trichy),20.85,3.43,12.65,21.04,10.75,68.68,2016
Japan,Tokyo,89.74,43.44,67.94,94.03,55.66,98.09,2016
Canada,Toronto,69.5,39.87,55.55,64.79,67.63,124.88,2016
France,Toulouse,74.76,25.66,51.64,69.93,77.48,117.27,2016
Italy,Trento,70.35,25.17,49.07,61.05,70.96,102.79,2016
Italy,Treviso,75.99,19.4,49.34,60.56,83.7,93.54,2016
Italy,Trieste,68.7,20.97,46.23,59.26,78.98,94.42,2016
Libya,Tripoli,44.68,19.16,32.66,44.03,34.95,51.83,2016
Norway,Tromso,118.19,44.22,83.36,99.61,146.08,97.59,2016
Norway,Trondheim,111.42,39.76,77.68,100.6,119.82,103.55,2016
AZ,Tucson,62.28,23.34,43.94,61.04,62.63,160.79,2016
OK,Tulsa,67.27,30.82,50.11,71.62,57.75,139.3,2016
Tunisia,Tunis,31.18,7.31,19.94,28.86,21.82,39.87,2016
Italy,Turin,69.16,21.03,46.5,59.79,71.32,90.07,2016
Finland,Turku,79.87,24.08,53.6,66.77,88.98,124.37,2016
Mongolia,Ulaanbaatar,61.3,36.64,49.69,60.17,31.83,21.61,2016
Sweden,Uppsala,73.69,24.01,50.3,61.77,77.08,123.97,2016
Netherlands,Utrecht,75.18,35.05,56.28,61.31,86.41,117.81,2016
India,Vadodara,26.1,4.3,15.83,27.59,18.39,76.13,2016
Spain,Valencia,53.67,16.79,36.3,43.01,53.14,92.6,2016
Philippines,Valenzuela,31.51,3.5,18.32,31.41,15.7,39.19,2016
Canada,Vancouver,70.54,45.13,58.58,73.37,66.45,101.38,2016
WA,Vancouver,72.63,32.89,53.92,73.27,64.92,130.92,2016
Bulgaria,Varna,36.48,8.0,23.07,31.04,29.62,45.72,2016
Italy,Venice,96.27,29.69,64.92,82.43,100.97,68.41,2016
Italy,Verona,81.81,24.66,54.9,70.57,80.06,54.12,2016
Italy,Vicenza,77.81,19.31,50.27,61.53,77.23,81.46,2016
Canada,Victoria,70.56,31.55,52.19,73.34,64.7,111.43,2016
Austria,Vienna,67.77,31.97,50.91,59.63,68.95,108.84,2016
India,Vijayawada,24.96,4.82,15.48,24.97,12.7,55.64,2016
Lithuania,Vilnius,48.62,15.39,32.98,37.79,42.05,57.9,2016
India,Visakhapatnam,24.11,5.34,15.27,25.43,14.03,58.98,2016
Poland,Warsaw,41.15,19.34,30.88,31.76,35.19,80.18,2016
DC,Washington,95.05,77.54,86.8,89.46,90.81,118.76,2016
Canada,Waterloo,79.45,29.89,56.11,76.71,69.21,138.28,2016
New Zealand,Wellington,79.47,35.94,58.97,70.41,75.85,129.26,2016
FL,West Palm Beach,81.45,44.94,64.26,85.18,77.06,137.07,2016
KS,Wichita,70.95,23.05,48.39,76.39,63.4,120.26,2016
Namibia,Windhoek,39.88,22.57,31.73,34.35,36.02,50.73,2016
Canada,Windsor,72.11,20.35,47.74,63.13,62.36,120.65,2016
Canada,Winnipeg,68.83,25.97,48.65,65.95,65.36,102.11,2016
Australia,Wollongong,79.49,33.8,57.98,79.51,73.96,117.04,2016
Poland,Wroclaw,39.44,16.55,28.66,30.73,33.16,74.91,2016
Russia,Yekaterinburg,33.82,11.38,23.25,27.96,34.61,51.11,2016
Armenia,Yerevan,34.56,11.6,23.75,26.56,31.68,33.66,2016
Indonesia,Yogyakarta,37.83,7.64,23.61,36.93,14.48,18.06,2016
Croatia,Zagreb,50.48,12.81,32.75,42.22,40.13,69.54,2016
Spain,Zaragoza (Saragossa),64.52,16.53,41.93,55.92,56.39,83.35,2016
Switzerland,Zug,122.1,68.16,96.7,119.77,120.27,163.79,2016
Switzerland,Zurich,132.32,66.33,101.25,129.27,135.98,159.67,2016
Switzerland,Zurich,,66.76,108.77,163.71,140.58,126.3,2017
Bermuda,Hamilton,,117.8,133.2,145.2,152.54,93.42,2017
Switzerland,Zug,,67.39,105.54,148.36,143.18,105.62,2017
Switzerland,Geneva,,70.25,106.73,147.13,138.96,115.2,2017
Switzerland,Basel,,51.54,97.47,149.54,131.72,113.13,2017
Switzerland,Bern,,45.33,91.11,145.72,122.48,101.65,2017
Switzerland,Lausanne,,54.56,93.56,136.95,127.87,112.33,2017
Iceland,Reykjavik,,55.9,93.89,128.37,140.61,68.49,2017
Switzerland,Lugano,,51.73,88.62,120.83,127.53,108.92,2017
Norway,Stavanger,,37.4,77.8,107.72,142.61,101.0,2017
Norway,Trondheim,,41.27,79.22,110.1,128.03,93.68,2017
Norway,Oslo,,47.99,81.9,111.48,126.2,86.67,2017
Norway,Bergen,,39.58,76.68,106.84,117.45,87.68,2017
Bahamas,Nassau,,37.4,74.04,103.09,99.27,43.82,2017
United States,Honolulu,,64.98,84.44,121.83,88.49,84.93,2017
United States,San Francisco,,119.63,110.65,116.73,93.57,104.4,2017
United States,Anchorage,,41.57,72.2,109.58,88.67,130.22,2017
United States,Brooklyn,,77.52,89.47,105.51,106.84,82.64,2017
United States,New York,,100.0,100.0,100.0,100.0,100.0,2017
United States,Rockville,,61.4,80.39,97.2,71.68,135.58,2017
Japan,Tokyo,,38.68,68.65,107.25,57.87,93.49,2017
Denmark,Copenhagen,,49.61,73.74,78.25,113.91,93.39,2017
United States,Washington,,74.32,85.31,96.97,90.78,107.86,2017
United States,New Haven,,47.09,70.95,112.78,91.54,114.53,2017
United States,Berkeley,,76.36,85.24,109.86,81.71,87.37,2017
United States,Seattle,,65.46,79.6,98.17,86.72,121.29,2017
United States,Arlington,,67.79,80.67,93.16,85.61,117.45,2017
Denmark,Aalborg,,25.34,59.24,77.34,104.6,89.9,2017
Israel,Tel Aviv-Yafo,,49.51,71.12,80.75,96.79,93.0,2017
United States,Santa Rosa,,55.04,73.76,97.22,78.7,116.21,2017
Australia,Sydney,,66.35,79.08,88.91,75.94,102.69,2017
Ireland,Limerick,,24.7,58.5,90.69,80.66,80.06,2017
Sweden,Stockholm,,42.98,67.46,87.98,91.35,88.09,2017
United States,Bellevue,,67.97,79.75,97.99,80.55,138.68,2017
Australia,Perth,,39.98,65.89,89.61,94.19,105.98,2017
New Zealand,Auckland,,44.46,68.07,86.28,77.66,90.77,2017
United States,Oakland,,78.69,84.8,97.63,84.79,91.15,2017
Israel,Jerusalem,,36.74,64.15,75.74,99.24,73.51,2017
United States,Miami,,63.46,77.27,93.95,98.47,89.18,2017
United States,Boston,,78.41,84.41,93.76,87.59,112.94,2017
New Zealand,Hamilton,,25.86,58.53,84.08,86.07,122.44,2017
France,Paris,,45.8,68.23,87.3,88.3,89.07,2017
Australia,Darwin,,45.41,68.0,91.03,95.6,97.2,2017
United Kingdom,London,,73.37,81.48,67.7,96.34,77.75,2017
Australia,Cairns,,29.28,59.35,87.81,80.18,78.43,2017
Ireland,Dublin,,54.65,71.83,73.25,91.98,82.09,2017
United States,Charleston,,48.83,68.92,98.58,78.7,111.13,2017
Austria,Linz,,28.3,58.8,86.61,84.92,81.61,2017
Netherlands,Amsterdam,,51.33,70.07,75.16,92.24,85.23,2017
Singapore,Singapore,,66.99,77.69,81.34,61.4,88.14,2017
United States,Philadelphia,,49.34,68.83,91.14,80.92,115.92,2017
Luxembourg,Luxembourg,,54.71,71.32,76.46,97.79,104.71,2017
United States,Melbourne,,30.73,59.47,104.43,81.84,136.52,2017
Finland,Helsinki,,39.8,63.88,76.39,92.69,99.09,2017
United States,Burlington,,41.14,64.52,97.28,82.09,95.31,2017
Denmark,Arhus,,31.61,59.79,67.21,99.8,102.14,2017
France,Lyon,,24.45,56.22,86.32,79.12,85.83,2017
Israel,Beersheba,,18.83,53.43,75.86,84.99,79.89,2017
United States,Tacoma,,36.99,62.26,91.42,75.32,110.13,2017
Belgium,Antwerp,,26.63,56.89,79.59,94.81,76.93,2017
Australia,Melbourne,,44.02,65.38,87.3,76.69,111.5,2017
Australia,Adelaide,,33.39,60.14,86.53,78.04,105.84,2017
Germany,Dusseldorf,,34.53,60.62,70.52,82.69,95.7,2017
South Korea,Seoul,,33.41,60.05,107.03,47.48,84.05,2017
United States,Baltimore,,47.62,66.93,91.75,82.5,109.07,2017
Israel,Ramat Gan,,36.47,61.41,73.09,89.45,108.03,2017
New Zealand,Christchurch,,31.18,58.7,83.29,80.42,76.59,2017
United States,Minneapolis,,43.62,64.81,96.04,78.89,115.28,2017
United States,Boulder,,54.96,70.38,90.71,79.07,130.31,2017
Belgium,Gent,,25.28,55.76,77.08,90.47,82.14,2017
United States,San Jose,,83.63,84.39,90.68,84.04,140.74,2017
United States,Queens,,63.98,74.5,80.22,88.5,98.73,2017
Canada,St. John's,,21.85,53.71,93.44,81.38,82.76,2017
Australia,Brisbane,,42.04,63.62,82.3,80.38,110.56,2017
United States,Portland,,40.28,62.74,91.22,89.26,98.86,2017
Belgium,Leuven,,27.78,56.54,85.53,78.74,72.27,2017
Australia,Hobart,,29.67,57.47,85.04,90.66,87.21,2017
United States,Chicago,,56.81,70.81,83.89,83.68,118.59,2017
Italy,Milan,,40.06,62.53,76.95,88.99,61.78,2017
United States,Akron,,21.06,53.1,96.39,66.97,77.07,2017
Germany,Frankfurt,,36.38,60.64,74.43,79.26,98.02,2017
United States,Olympia,,31.38,58.13,92.66,73.7,171.26,2017
Sweden,Gothenburg,,29.42,57.16,79.16,89.95,96.41,2017
New Zealand,Wellington,,36.74,60.72,82.91,75.43,133.6,2017
United States,Hartford,,42.97,63.65,86.3,86.72,101.18,2017
Italy,Florence,,28.68,56.54,73.49,84.31,56.89,2017
Canada,Saskatoon,,28.44,56.21,90.72,71.67,83.67,2017
United Kingdom,Reading,,39.87,61.84,71.07,93.22,102.32,2017
United States,Allentown,,34.6,59.22,90.72,70.47,93.39,2017
Netherlands,The Hague (Den Haag),,32.69,58.26,69.21,88.64,94.94,2017
Israel,Haifa,,21.77,52.8,69.55,90.85,114.85,2017
United Kingdom,Aberdeen,,31.71,57.66,70.07,94.86,102.77,2017
Australia,Canberra,,43.63,63.52,82.67,80.31,118.74,2017
United States,Irvine,,65.6,74.33,88.68,79.0,126.76,2017
United States,Sacramento,,43.53,63.45,87.64,75.56,121.89,2017
United States,Everett,,41.16,62.27,94.42,72.62,100.36,2017
Belgium,Brussels,,34.19,58.8,74.25,90.76,86.75,2017
United States,Fort Collins,,40.78,61.98,95.23,71.33,63.35,2017
Canada,Halifax,,28.13,55.72,89.36,82.37,78.76,2017
United Kingdom,Cambridge,,44.13,63.57,69.24,93.5,93.6,2017
Italy,Genoa,,20.97,52.13,75.05,78.0,57.0,2017
United States,New Orleans,,41.07,62.01,85.51,84.97,101.33,2017
United States,Pittsburgh,,39.28,61.09,84.36,74.44,131.51,2017
Finland,Tampere,,26.35,54.67,71.95,87.94,94.02,2017
United States,Los Angeles,,67.55,74.94,82.06,84.13,118.09,2017
Finland,Turku,,25.07,54.0,73.27,86.38,105.86,2017
Germany,Hamburg,,31.88,57.3,70.58,71.82,95.78,2017
United States,Orlando,,40.14,61.32,89.93,77.83,117.11,2017
United States,Portland,,51.94,67.06,85.72,71.25,122.71,2017
Netherlands,Maastricht,,29.99,56.24,75.19,80.65,90.25,2017
United States,Denver,,54.11,68.12,84.5,79.32,129.35,2017
United States,Saint Paul,,38.14,60.22,88.63,73.01,88.16,2017
Ireland,Cork,,36.96,59.61,68.09,86.58,88.99,2017
United States,Asheville,,36.62,59.25,95.78,69.44,129.28,2017
United States,Santa Barbara,,70.52,75.91,80.42,86.66,176.22,2017
France,Toulouse,,24.76,53.31,78.82,79.73,102.14,2017
United States,Indianapolis,,30.57,56.1,86.66,76.61,85.5,2017
Canada,Red Deer,,25.67,53.67,79.29,78.42,91.82,2017
Sweden,Lund,,22.03,51.87,77.83,81.28,102.88,2017
Canada,Lethbridge,,24.26,52.97,82.39,61.44,96.37,2017
Netherlands,Utrecht,,37.98,59.67,68.94,90.5,93.44,2017
United States,Jersey City,,68.03,74.46,81.67,78.18,140.69,2017
United States,Atlanta,,44.2,62.72,86.13,77.17,136.03,2017
Italy,Padova,,21.85,51.6,68.41,80.4,63.35,2017
Germany,Munich,,42.45,61.67,67.7,77.84,108.18,2017
United States,Eugene,,31.42,56.19,94.92,67.22,108.26,2017
United Kingdom,Oxford,,51.18,65.86,64.02,79.84,74.67,2017
United States,San Diego,,60.79,70.49,83.15,78.95,129.95,2017
United States,Cleveland,,30.27,55.33,78.0,79.61,112.89,2017
United States,West Palm Beach,,44.16,62.16,85.54,78.17,108.9,2017
Japan,Osaka,,24.08,52.25,80.91,44.73,94.8,2017
United States,Detroit,,36.81,58.48,82.7,67.57,124.39,2017
United States,Jacksonville,,33.71,56.95,86.89,72.29,95.46,2017
United States,Milwaukee,,33.67,56.93,81.2,75.73,127.22,2017
Canada,Barrie,,26.09,53.09,81.44,76.13,94.54,2017
Hong Kong,Hong Kong,,82.67,80.93,83.4,56.3,74.04,2017
Australia,Gold Coast,,37.71,58.79,81.07,72.99,110.96,2017
Sweden,Malmo,,27.11,53.58,76.99,83.08,106.32,2017
United States,Fayetteville,,22.93,51.43,88.7,67.54,80.29,2017
Canada,Waterloo,,27.85,53.82,80.05,69.05,111.27,2017
United States,Greensboro,,25.26,52.53,90.06,61.02,133.43,2017
United States,Tampa,,44.51,61.98,85.17,80.01,102.73,2017
Italy,Bergamo,,20.86,50.28,67.3,88.8,73.7,2017
United States,Memphis,,28.82,54.19,84.63,73.14,125.81,2017
Australia,Newcastle,,41.02,60.18,80.92,83.53,119.36,2017
Ireland,Galway,,32.27,55.81,70.26,78.87,98.66,2017
Italy,Rome,,40.21,59.7,71.13,81.95,59.82,2017
United Kingdom,Edinburgh,,32.71,55.99,71.7,79.39,93.93,2017
United States,Plano,,40.22,59.68,78.1,66.46,149.09,2017
United States,Grand Rapids,,32.68,55.96,82.13,72.53,122.5,2017
Italy,Parma,,22.79,51.02,64.52,93.46,72.13,2017
United States,Saint Petersburg,,41.09,59.99,82.17,79.2,133.67,2017
United States,Nashville,,46.63,62.69,83.87,74.48,116.83,2017
United States,Little Rock,,25.58,52.29,90.26,66.91,111.23,2017
United States,Austin,,51.84,65.18,81.79,77.67,122.65,2017
Netherlands,Eindhoven,,31.93,55.21,60.84,89.83,101.65,2017
United States,Des Moines,,31.89,55.19,92.55,65.1,84.89,2017
Sweden,Uppsala,,26.74,52.65,68.2,84.22,98.13,2017
United States,Fort Lauderdale,,52.75,65.42,79.97,78.35,102.52,2017
United States,Harrisburg,,26.7,52.5,88.04,66.89,116.75,2017
Netherlands,Rotterdam,,31.02,54.6,61.07,85.16,97.14,2017
Italy,Bologna,,24.86,51.45,70.57,81.97,66.96,2017
United States,Fresno,,31.72,54.78,78.07,77.2,131.93,2017
United States,Syracuse,,28.49,53.09,81.82,65.68,84.89,2017
France,Lille,,23.66,50.61,67.3,72.73,83.01,2017
United Kingdom,Coventry,,24.87,51.18,65.03,68.85,106.76,2017
Germany,Heidelberg,,34.35,55.78,67.21,67.16,121.62,2017
United Kingdom,Nottingham,,23.73,50.48,68.24,73.62,95.28,2017
Canada,Victoria,,35.37,56.21,82.8,70.21,100.1,2017
United States,Charlotte,,40.35,58.66,80.07,75.86,99.98,2017
United States,Richmond,,36.48,56.68,88.48,65.84,110.98,2017
United States,Buffalo,,29.56,53.27,76.76,74.27,93.86,2017
United Kingdom,York,,27.91,52.44,67.26,83.31,101.79,2017
Italy,Trieste,,20.74,48.9,72.81,83.25,80.27,2017
Canada,Calgary,,31.82,54.29,76.3,70.71,117.87,2017
Austria,Vienna,,31.71,54.19,72.42,70.77,88.36,2017
United Kingdom,Brighton,,41.55,59.03,60.75,84.26,76.23,2017
United States,Dayton,,21.14,48.92,87.31,59.68,92.25,2017
United States,Augusta,,20.52,48.59,83.71,65.58,100.72,2017
United States,Newark,,37.05,56.73,68.82,85.79,96.8,2017
United States,Raleigh,,38.07,57.23,87.07,71.67,137.76,2017
United States,Greenville,,35.94,56.15,85.7,67.11,116.46,2017
United States,Saint Louis,,30.21,53.24,79.36,71.65,138.13,2017
Canada,Edmonton,,29.15,52.68,77.57,68.17,97.38,2017
United States,Birmingham,,28.16,52.1,78.05,74.72,130.74,2017
France,Nantes,,21.77,48.9,69.74,75.54,103.53,2017
Malta,Sliema,,30.56,53.23,68.97,78.48,67.89,2017
United Kingdom,Glasgow,,28.24,52.08,64.82,82.93,99.45,2017
United Kingdom,Bristol,,37.72,56.72,64.98,85.55,90.65,2017
United Kingdom,Norwich,,24.54,50.2,59.03,77.77,77.85,2017
United Kingdom,Manchester,,29.34,52.53,64.27,83.63,82.15,2017
United States,Shreveport,,23.88,49.83,83.48,67.61,66.12,2017
Austria,Graz,,22.98,49.38,72.61,62.51,96.54,2017
United States,Houston,,44.18,59.8,79.6,72.1,147.15,2017
Netherlands,Groningen,,27.45,51.56,64.61,83.66,90.22,2017
United States,Durham,,35.04,55.3,82.87,65.67,150.01,2017
United States,Louisville,,28.35,51.97,87.46,64.14,106.05,2017
Canada,Vancouver,,49.07,62.06,80.43,68.51,81.79,2017
United States,Columbia,,30.07,52.67,84.2,69.25,73.57,2017
Germany,Stuttgart,,31.54,53.36,56.92,72.24,114.35,2017
United States,Tallahassee,,29.79,52.42,86.14,59.97,89.04,2017
Canada,Mississauga,,35.04,54.99,74.52,65.37,90.91,2017
United States,Rochester,,29.85,52.32,80.49,73.53,121.55,2017
United States,Las Vegas,,30.85,52.77,70.97,77.69,137.36,2017
Puerto Rico,San Juan,,28.12,51.4,74.15,67.26,89.06,2017
United Arab Emirates,Dubai,,71.92,72.95,65.13,65.95,101.67,2017
United States,Spokane,,27.02,50.73,77.5,67.93,108.18,2017
United States,Manchester,,33.62,53.93,81.09,67.9,102.95,2017
United States,Salem,,29.8,51.89,76.12,73.66,90.58,2017
United States,Cincinnati,,32.4,53.12,72.84,70.24,108.68,2017
Canada,Kelowna,,32.8,53.31,78.56,67.77,95.08,2017
Canada,Fredericton,,18.62,46.28,76.98,70.32,88.24,2017
United States,Tulsa,,29.11,51.43,79.06,65.4,108.64,2017
United States,Fort Worth,,35.36,54.48,75.47,67.27,138.85,2017
Canada,Regina,,27.15,50.43,76.75,65.63,97.16,2017
United States,Lexington,,27.86,50.78,77.85,64.7,104.85,2017
Canada,Gatineau,,18.66,46.23,80.92,65.61,96.95,2017
United States,Chattanooga,,27.14,50.39,80.35,65.89,116.33,2017
Uruguay,Montevideo,,20.09,46.9,58.79,74.81,29.29,2017
Canada,Toronto,,42.64,57.99,69.07,69.34,103.98,2017
United States,Virginia Beach,,37.05,55.24,75.53,69.37,126.81,2017
United Kingdom,Southampton,,31.26,52.33,61.49,76.78,95.25,2017
Canada,Nanaimo,,23.36,48.38,81.24,60.16,85.7,2017
Germany,Karlsruhe,,24.63,48.99,54.69,78.94,113.65,2017
United States,Wichita,,24.87,49.08,78.53,68.65,94.16,2017
United States,Columbus,,34.29,53.68,72.85,65.5,127.65,2017
Spain,Bilbao,,28.78,50.93,67.13,72.53,78.55,2017
Canada,London,,24.38,48.74,72.67,66.58,94.42,2017
United Kingdom,Leeds,,28.02,50.52,63.62,80.12,92.16,2017
United States,Fremont,,71.85,72.09,64.86,76.33,139.47,2017
Germany,Berlin,,30.47,51.71,61.25,59.88,96.65,2017
Germany,Bonn,,27.82,50.37,56.55,68.41,98.18,2017
United States,Fort Myers,,30.63,51.67,79.19,64.03,71.17,2017
United States,Bakersfield,,28.2,50.47,75.73,68.96,110.66,2017
United Kingdom,Sheffield,,24.02,48.41,55.84,82.37,104.15,2017
Italy,Naples,,20.33,46.54,70.24,61.38,47.72,2017
United States,Fort Wayne,,21.88,47.29,81.86,68.39,127.49,2017
Canada,Quebec City,,17.78,45.27,76.11,64.92,101.72,2017
Canada,Winnipeg,,24.59,48.58,73.05,67.34,91.56,2017
Germany,Cologne,,27.81,50.07,55.35,69.27,111.0,2017
Italy,Turin,,21.43,46.91,61.23,74.34,73.54,2017
United States,Phoenix,,32.02,52.04,67.59,77.01,122.68,2017
United States,Ann Arbor,,42.12,56.99,72.37,62.74,152.98,2017
United States,Vancouver,,32.38,52.19,69.54,67.33,114.44,2017
Taiwan,Taipei,,20.2,46.19,90.68,33.04,98.3,2017
Canada,Surrey,,29.56,50.79,75.26,65.61,74.38,2017
Canada,Guelph,,28.42,50.15,70.26,68.49,96.81,2017
Canada,Windsor,,20.12,46.04,66.44,62.45,106.15,2017
Canada,Ottawa,,31.28,51.52,68.1,73.36,110.28,2017
United Kingdom,Newcastle Upon Tyne,,24.67,48.17,56.47,79.46,105.44,2017
United States,Pensacola,,28.0,49.78,75.85,64.15,116.64,2017
Canada,Kingston,,28.33,49.9,72.66,62.66,86.31,2017
United States,Madison,,37.22,54.26,70.54,69.64,120.06,2017
Germany,Nuremberg,,23.59,47.49,55.33,70.2,120.3,2017
United Kingdom,Birmingham,,27.5,49.41,58.41,76.05,95.4,2017
United Kingdom,Cardiff,,25.85,48.59,67.39,70.64,95.26,2017
Canada,Moncton,,18.32,44.83,71.92,64.2,94.85,2017
United States,Dallas,,38.6,54.78,69.25,68.82,171.08,2017
Canada,Montreal,,24.94,48.03,74.77,65.86,99.17,2017
Spain,Palma De Mallorca,,21.48,46.31,62.43,66.72,72.7,2017
United States,Toledo,,21.16,46.13,65.31,59.33,122.39,2017
United States,Gainesville,,28.09,49.52,74.31,62.58,89.78,2017
United States,Salt Lake City,,36.53,53.67,70.54,71.5,137.74,2017
Italy,Brescia,,18.17,44.54,60.99,74.19,79.03,2017
Germany,Aachen,,22.61,46.63,57.61,64.01,118.22,2017
United States,Kansas City,,29.32,49.92,70.8,64.51,134.67,2017
Qatar,Doha,,68.7,69.29,59.25,72.43,97.51,2017
France,Marseille,,21.83,46.14,66.57,66.26,94.45,2017
United States,Mobile,,24.51,47.37,74.84,66.25,123.62,2017
United States,Albuquerque,,25.16,47.68,72.62,68.17,123.47,2017
United Kingdom,Liverpool,,23.49,46.77,53.69,80.98,98.9,2017
Jamaica,Kingston,,14.56,42.32,73.27,40.14,27.35,2017
Taiwan,Taichung,,12.07,40.97,89.23,30.56,51.13,2017
United Kingdom,Belfast,,22.25,45.73,63.53,76.9,96.37,2017
Malta,Malta,,23.15,46.12,54.56,69.94,57.76,2017
Germany,Dresden,,19.77,44.36,55.23,55.27,107.42,2017
Spain,Barcelona,,30.0,49.29,58.54,64.74,70.89,2017
United Arab Emirates,Abu Dhabi,,69.75,68.74,58.86,65.94,124.98,2017
Spain,Madrid,,30.6,49.37,59.52,65.45,77.35,2017
United States,Oklahoma City,,26.8,47.39,72.88,61.47,127.31,2017
Germany,Bremen,,21.38,44.65,51.25,65.82,128.83,2017
Lebanon,Beirut,,36.7,52.15,51.31,63.74,47.18,2017
United States,Knoxville,,29.87,48.65,69.13,65.7,129.1,2017
Ghana,Accra,,38.4,52.85,68.33,43.66,13.25,2017
Germany,Leipzig,,19.4,43.39,51.09,60.34,84.79,2017
United States,Boise,,27.45,47.31,67.43,67.32,108.08,2017
United States,College Station,,32.74,49.84,75.55,59.93,100.41,2017
United States,Huntsville,,28.5,47.71,70.03,63.59,132.14,2017
Canada,Hamilton,,25.64,45.94,59.21,66.22,103.59,2017
Cyprus,Nicosia,,15.34,40.78,55.82,75.69,80.35,2017
United States,Tucson,,23.96,44.98,66.41,65.65,133.7,2017
Canada,Kitchener,,25.68,45.59,61.13,61.39,110.51,2017
Spain,Zaragoza (Saragossa),,14.82,40.08,56.0,58.6,67.12,2017
Panama,Panama City,,33.31,49.18,68.4,55.38,31.18,2017
United States,San Antonio,,35.59,50.28,64.35,64.45,151.28,2017
Slovenia,Ljubljana,,18.75,41.91,55.71,52.85,62.86,2017
United States,Athens,,24.98,44.69,61.12,69.13,115.33,2017
United States,Springfield,,18.71,41.46,70.79,59.02,75.0,2017
Greece,Athens,,12.8,38.37,52.05,62.51,46.02,2017
Costa Rica,San Jose,,19.37,41.43,66.54,49.73,39.41,2017
United States,Reno,,31.98,47.6,55.85,67.85,97.3,2017
United Arab Emirates,Sharjah,,29.39,46.32,55.77,43.26,112.18,2017
Cyprus,Limassol,,20.2,41.74,52.97,66.19,92.17,2017
Greece,Heraklion,,10.19,36.77,56.69,56.83,52.8,2017
Greece,Thessaloniki,,10.7,36.84,50.66,59.25,44.31,2017
Jordan,Amman,,14.96,38.85,54.76,58.22,37.1,2017
Bahrain,Manama,,29.45,45.3,60.98,54.76,75.45,2017
Taiwan,Kaohsiung,,10.75,36.01,72.9,24.31,114.38,2017
Spain,Valencia,,18.6,39.19,50.76,57.79,81.71,2017
Argentina,Buenos Aires,,16.23,37.85,51.48,56.77,50.94,2017
Brazil,Rio De Janeiro,,22.74,40.86,47.02,46.86,33.68,2017
Brazil,Sao Paulo,,19.93,39.29,46.75,48.63,36.68,2017
Brazil,Campinas,,13.69,36.17,46.96,44.39,55.63,2017
Spain,Malaga,,19.29,38.76,47.94,56.68,84.51,2017
Estonia,Tallinn,,16.11,37.1,44.73,57.92,62.36,2017
Croatia,Rijeka,,11.61,34.78,49.86,43.71,42.67,2017
Croatia,Split,,13.0,35.47,50.68,51.48,47.32,2017
Spain,Granada,,14.16,35.85,51.56,48.33,79.88,2017
Spain,Sevilla,,19.96,38.5,50.08,52.62,73.77,2017
Brazil,Brasilia,,15.55,36.15,47.68,46.08,37.65,2017
China,Shanghai,,37.81,47.02,63.59,39.6,62.84,2017
Portugal,Lisbon,,25.08,40.75,46.75,48.16,55.22,2017
Brazil,Recife,,12.85,34.71,50.49,41.71,36.38,2017
Greece,Patras,,9.0,32.78,47.11,53.87,58.61,2017
Croatia,Zagreb,,13.49,34.99,49.38,43.02,58.91,2017
Argentina,Cordoba,,10.96,33.72,49.35,49.92,48.99,2017
Oman,Muscat,,28.56,42.19,51.84,56.91,95.7,2017
Iraq,Irbil,,16.03,36.0,46.87,56.19,39.83,2017
Thailand,Phuket,,13.9,34.81,60.64,26.92,39.72,2017
Chile,Santiago,,16.75,36.17,49.17,51.38,46.27,2017
Philippines,Makati,,27.34,41.21,59.93,32.23,42.77,2017
Spain,Santa Cruz De Tenerife,,16.62,35.93,46.85,55.47,81.53,2017
Brazil,Porto Alegre,,13.87,34.52,45.96,41.83,41.31,2017
Zimbabwe,Harare,,14.98,35.05,48.17,40.49,21.74,2017
Dominican Republic,Santo Domingo,,12.95,33.88,47.65,49.69,22.44,2017
Thailand,Bangkok,,24.69,39.64,63.28,25.35,39.66,2017
Portugal,Porto,,18.14,36.23,46.12,42.47,58.5,2017
Lithuania,Vilnius,,16.51,35.16,42.73,47.01,48.59,2017
Latvia,Riga,,14.18,33.84,42.18,46.74,46.77,2017
Portugal,Coimbra,,13.62,33.4,45.69,40.37,64.23,2017
Estonia,Tartu,,14.43,33.71,41.83,49.1,66.49,2017
Slovakia,Bratislava,,20.35,36.59,48.1,39.34,63.59,2017
Brazil,Florianopolis,,14.42,33.59,41.98,42.34,34.58,2017
Saudi Arabia,Ad Dammam,,12.37,32.57,46.92,32.72,124.08,2017
Cambodia,Phnom Penh,,18.94,35.7,57.8,25.1,21.15,2017
Tanzania,Dar Es Salaam,,25.33,38.84,38.81,34.51,16.12,2017
Saudi Arabia,Jeddah (Jiddah),,15.47,33.98,43.53,32.99,98.53,2017
Ethiopia,Addis Ababa,,22.52,37.33,46.34,23.65,13.03,2017
Brazil,Belo Horizonte,,12.91,32.56,42.08,39.34,30.85,2017
Portugal,Braga,,12.02,32.06,44.09,35.8,56.79,2017
China,Shenzhen,,24.25,38.06,56.04,32.73,72.73,2017
Iraq,Baghdad,,15.08,33.52,46.83,43.7,47.2,2017
Saudi Arabia,Al Khobar,,15.12,33.51,47.22,33.67,135.53,2017
El Salvador,San Salvador,,11.77,31.78,51.25,37.85,24.94,2017
Ecuador,Guayaquil,,13.58,32.66,47.48,37.93,31.04,2017
Lithuania,Kaunas,,10.52,31.11,41.34,44.05,47.89,2017
Czech Republic,Prague,,22.19,36.75,45.88,36.59,67.23,2017
Brazil,Curitiba,,12.16,31.81,40.9,41.68,43.74,2017
Russia,Moscow,,32.41,41.72,40.37,54.24,51.46,2017
Slovakia,Kosice,,15.11,33.13,46.73,30.46,51.54,2017
Saudi Arabia,Riyadh,,16.94,33.92,44.23,34.94,113.64,2017
Spain,Las Palmas,,16.93,33.81,44.24,49.45,72.51,2017
South Africa,Pretoria,,15.06,32.74,43.49,43.4,90.54,2017
Ecuador,Quito,,14.22,32.3,50.57,37.06,29.91,2017
Indonesia,Jakarta,,21.74,35.8,55.49,27.68,35.1,2017
Malaysia,Petaling Jaya,,12.07,30.67,59.09,22.34,56.2,2017
Hungary,Budapest,,16.13,32.63,39.62,36.0,47.17,2017
Guatemala,Guatemala City,,16.1,32.58,46.53,37.11,40.26,2017
Malaysia,Penang,,10.15,29.43,56.59,25.17,61.43,2017
South Africa,Johannesburg,,19.89,34.21,42.49,44.33,104.97,2017
Croatia,Osijek,,7.17,27.89,41.88,33.68,52.9,2017
Czech Republic,Brno,,16.69,32.42,43.94,32.88,65.2,2017
Malaysia,Johor Bahru,,10.59,29.38,60.4,23.05,41.41,2017
Thailand,Chiang Mai,,11.72,29.88,60.84,22.82,28.14,2017
China,Beijing,,34.29,40.98,49.34,35.53,75.5,2017
Turkey,Istanbul,,15.39,31.65,42.43,35.12,48.69,2017
Malaysia,Kota Kinabalu,,8.6,28.1,57.47,23.36,38.2,2017
Thailand,Pattaya,,17.05,32.27,53.16,29.3,22.82,2017
South Africa,Cape Town,,27.06,37.15,42.24,42.68,78.12,2017
Malaysia,Kuala Lumpur,,17.35,32.23,49.88,28.78,68.39,2017
Russia,Saint Petersburg,,19.33,33.2,39.01,46.68,46.63,2017
Poland,Warsaw,,20.42,33.56,37.86,39.58,67.94,2017
Peru,Lima,,18.5,32.56,43.24,34.7,35.35,2017
China,Guangzhou,,18.6,32.14,46.84,28.8,69.15,2017
Indonesia,Bali,,8.35,27.0,52.25,25.27,25.3,2017
Mongolia,Ulaanbaatar,,17.33,31.35,43.45,29.3,29.97,2017
Poland,Gdansk,,15.1,30.24,35.33,35.43,68.69,2017
Malaysia,Selangor,,10.11,27.72,51.21,20.33,84.16,2017
Vietnam,Hanoi,,15.45,30.33,43.69,24.2,19.51,2017
Ecuador,Cuenca,,10.55,27.79,46.4,28.99,33.91,2017
South Africa,Durban,,15.34,30.14,39.04,40.28,83.21,2017
Poland,Wroclaw,,17.27,31.03,37.03,37.09,58.58,2017
Hungary,Debrecen,,9.3,27.09,38.71,31.82,38.08,2017
Kenya,Nairobi,,13.66,29.13,42.8,35.64,22.27,2017
Poland,Krakow (Cracow),,16.94,30.73,36.13,35.59,67.86,2017
Vietnam,Ho Chi Minh City,,17.54,31.0,49.01,21.11,33.18,2017
Poland,Gdynia,,12.88,28.57,36.82,34.21,63.58,2017
Czech Republic,Olomouc,,12.05,28.14,42.36,29.58,70.25,2017
Philippines,Cebu,,12.09,28.07,45.73,24.44,21.97,2017
Montenegro,Podgorica,,11.33,27.65,36.48,36.03,43.96,2017
Poland,Bydgoszcz,,13.75,28.75,35.28,36.28,56.7,2017
Poland,Poznan,,14.03,28.88,37.26,35.33,62.53,2017
Czech Republic,Ostrava,,10.07,26.89,39.47,30.57,67.9,2017
Turkey,Ankara,,8.05,25.88,39.63,32.59,52.67,2017
Iran,Tehran,,20.89,31.95,40.02,32.72,36.85,2017
Morocco,Rabat,,11.99,27.54,39.14,26.74,36.19,2017
Philippines,Manila,,19.46,31.2,40.91,27.72,39.66,2017
Poland,Lodz,,11.96,27.5,34.4,33.61,59.73,2017
Indonesia,Surabaya,,8.85,25.97,49.19,19.25,29.89,2017
Romania,Bucharest,,12.91,27.82,35.5,38.81,50.74,2017
Poland,Szczecin,,11.76,27.21,34.7,32.29,55.8,2017
Rwanda,Kigali,,13.31,27.9,33.99,29.58,24.21,2017
Russia,Yekaterinburg,,11.76,27.08,37.88,35.4,44.02,2017
Bosnia And Herzegovina,Sarajevo,,9.1,25.75,36.48,30.47,42.32,2017
Bulgaria,Sofia,,11.55,26.89,37.17,32.5,51.44,2017
Turkey,Izmir,,8.53,25.36,38.49,29.08,43.99,2017
Serbia,Belgrade,,10.99,26.49,31.44,38.05,34.83,2017
Turkey,Antalya,,6.96,24.38,36.99,29.47,50.86,2017
Turkey,Bursa,,6.77,24.25,36.96,28.29,55.71,2017
Poland,Lublin,,14.2,27.87,33.97,31.92,50.16,2017
Mexico,Monterrey,,12.23,26.73,38.81,38.31,76.85,2017
Mexico,Mexico City,,17.64,29.38,39.0,36.19,54.57,2017
Poland,Katowice,,11.3,26.03,33.87,30.72,74.06,2017
Algeria,Algiers,,9.26,24.99,42.91,26.67,28.61,2017
Bulgaria,Varna,,8.13,24.4,36.77,32.69,43.91,2017
Nigeria,Lagos,,18.37,29.28,41.47,20.83,19.04,2017
Romania,Cluj-napoca,,12.51,26.36,34.83,31.6,50.24,2017
Kazakhstan,Astana,,16.19,27.99,33.98,41.37,36.81,2017
Russia,Novosibirsk,,12.32,26.08,36.1,32.49,40.85,2017
Bosnia And Herzegovina,Banja Luka,,6.75,23.26,33.45,27.43,42.4,2017
Morocco,Casablanca,,14.77,27.18,36.32,26.28,46.84,2017
Sri Lanka,Colombo,,11.33,25.48,43.32,23.41,22.62,2017
Romania,Timisoara,,9.89,24.59,33.8,31.98,52.1,2017
Romania,Sibiu,,7.97,23.62,33.21,32.16,39.29,2017
Indonesia,Bandung,,5.67,22.46,47.12,17.24,28.7,2017
Bulgaria,Plovdiv,,6.77,22.99,35.02,29.91,41.87,2017
Albania,Tirana,,9.7,24.39,32.47,30.28,32.0,2017
Indonesia,Medan,,4.63,21.86,43.23,20.68,39.89,2017
Romania,Iasi,,9.31,24.13,32.17,32.57,45.67,2017
Colombia,Bogota,,13.71,26.14,33.56,27.58,33.71,2017
China,Chengdu,,11.22,24.88,36.53,27.48,69.81,2017
Mexico,Cancun,,9.82,24.14,31.65,37.58,56.32,2017
Serbia,Novi Sad,,6.88,22.65,30.73,27.72,35.97,2017
Kazakhstan,Almaty,,12.8,25.48,31.42,37.37,42.26,2017
Mexico,Queretaro,,9.75,23.88,36.97,32.48,53.6,2017
Macedonia,Skopje,,8.26,23.01,30.52,27.99,37.51,2017
Romania,Brasov,,8.56,22.93,31.56,30.7,59.73,2017
Mexico,Tijuana,,9.25,23.27,35.46,33.83,43.13,2017
Venezuela,Caracas,,9.74,23.45,39.15,34.73,2.96,2017
Bangladesh,Dhaka,,6.63,21.82,35.32,25.78,34.68,2017
Mexico,Merida,,8.27,22.61,37.5,28.53,32.08,2017
Mexico,Guadalajara,,8.53,22.72,37.24,32.25,52.24,2017
Paraguay,Asuncion,,10.55,23.71,32.08,26.31,31.67,2017
Uganda,Kampala,,8.11,22.47,32.58,25.13,19.34,2017
Indonesia,Yogyakarta,,5.26,20.95,40.1,15.12,29.97,2017
Mexico,Puerto Vallarta,,10.49,23.51,36.4,32.64,53.34,2017
Belarus,Minsk,,11.84,24.16,30.07,39.17,34.58,2017
Armenia,Yerevan,,9.77,23.12,29.56,32.57,31.13,2017
India,Gurgaon,,10.3,23.37,35.31,31.73,98.51,2017
Mexico,Puebla,,7.75,21.88,31.68,30.56,43.28,2017
Romania,Arad,,8.38,21.96,30.37,25.3,60.36,2017
Philippines,Quezon City,,7.21,21.33,32.87,19.64,25.99,2017
Nepal,Kathmandu,,4.61,19.98,33.47,19.83,23.2,2017
Serbia,Nis,,4.98,19.99,27.09,28.29,34.19,2017
Colombia,Medellin,,9.12,21.9,31.56,25.58,29.91,2017
Pakistan,Islamabad,,9.1,21.77,31.86,23.75,32.41,2017
Romania,Craiova,,6.0,20.07,28.93,24.15,50.73,2017
Ukraine,Odesa,,10.83,22.39,24.64,28.77,26.62,2017
Moldova,Chisinau,,9.18,21.47,27.81,23.21,27.77,2017
Philippines,Davao,,6.7,20.22,33.26,16.53,27.93,2017
Georgia,Tbilisi,,10.47,21.97,28.09,32.16,26.68,2017
India,Mumbai,,22.66,27.88,35.65,23.74,61.47,2017
Azerbaijan,Baku,,10.98,22.04,29.42,32.71,25.32,2017
India,Delhi,,9.87,21.44,32.63,25.61,67.67,2017
Colombia,Cali,,6.99,19.89,28.66,23.43,36.33,2017
India,Noida,,6.98,19.87,33.82,22.36,85.35,2017
Pakistan,Lahore,,6.0,19.35,28.98,28.36,45.85,2017
India,Ludhiana,,4.32,18.33,32.07,23.12,53.04,2017
Philippines,Valenzuela,,3.13,17.59,34.76,14.27,31.17,2017
Ukraine,Kiev,,13.59,22.57,24.51,24.4,28.42,2017
India,Pune,,7.64,19.26,32.76,21.64,88.48,2017
India,Bangalore,,9.41,19.98,32.95,19.57,86.79,2017
Tunisia,Tunis,,6.51,18.4,28.94,20.42,32.94,2017
India,Thane,,8.51,19.34,31.74,20.03,51.96,2017
India,Navi Mumbai,,9.72,19.72,31.29,20.53,73.3,2017
Kosovo (Disputed Territory),Pristina,,8.9,19.3,26.65,22.28,52.71,2017
Pakistan,Karachi,,7.48,18.46,29.16,21.44,35.72,2017
India,Ahmedabad,,6.65,17.97,31.25,21.09,57.06,2017
India,Chandigarh,,6.31,17.79,30.74,19.97,64.7,2017
India,Chennai,,7.09,18.1,31.45,18.75,71.99,2017
India,Goa,,7.57,18.2,30.98,20.94,49.66,2017
India,Surat,,4.5,16.67,30.17,21.43,55.55,2017
India,Kolkata,,6.97,17.79,29.91,22.74,47.99,2017
Ukraine,Dnipropetrovsk,,7.13,17.77,22.74,20.69,31.03,2017
India,Lucknow (Lakhnau),,4.6,16.52,29.0,18.03,53.68,2017
India,Jaipur,,4.62,16.45,29.81,16.61,65.05,2017
Ukraine,Kharkiv,,9.94,19.03,22.03,19.26,22.54,2017
India,Vadodara,,3.85,15.76,31.5,16.06,67.23,2017
India,Nagpur,,4.86,16.19,29.35,19.34,68.56,2017
India,Indore,,4.28,15.82,26.64,16.98,44.2,2017
Ukraine,Lviv,,8.48,17.87,22.66,17.35,22.69,2017
India,Hyderabad,,6.2,16.69,28.95,17.66,65.47,2017
India,Mysore,,4.52,15.54,32.03,13.28,35.53,2017
Egypt,Cairo,,5.14,15.83,23.3,22.47,23.96,2017
India,Visakhapatnam,,5.14,15.51,28.4,16.13,53.78,2017
India,Kochi,,6.18,15.93,28.26,14.41,60.04,2017
India,Bhubaneswar,,4.57,15.06,28.87,14.71,52.38,2017
India,Coimbatore,,5.61,15.37,26.31,15.29,47.01,2017
Egypt,Alexandria,,5.09,14.96,23.5,17.66,21.42,2017
India,Mangalore,,5.68,14.56,23.88,12.61,95.97,2017
India,Thiruvananthapuram,,5.17,13.59,23.72,12.12,62.76,2017
Bermuda,Hamilton,145.43,110.87,128.76,143.47,158.75,112.26,2018
Switzerland,Zurich,141.25,66.14,105.03,149.86,135.76,142.7,2018
Switzerland,Geneva,134.83,71.7,104.38,138.98,129.74,130.96,2018
Switzerland,Basel,130.68,49.68,91.61,127.54,127.22,139.01,2018
Switzerland,Bern,128.03,43.57,87.3,132.7,119.48,112.71,2018
Switzerland,Lausanne,127.5,52.32,91.24,126.59,132.12,127.95,2018
Iceland,Reykjavik,123.78,57.25,91.7,118.15,133.19,88.95,2018
Norway,Stavanger,118.61,39.83,80.61,106.09,143.54,118.14,2018
Switzerland,Lugano,118.24,52.91,86.73,117.74,122.3,119.86,2018
Norway,Oslo,117.23,49.28,84.46,112.42,124.09,102.94,2018
Norway,Trondheim,114.22,42.39,79.58,103.5,134.76,108.29,2018
Norway,Bergen,112.31,40.3,77.58,101.79,119.61,99.29,2018
Japan,Kyoto,100.33,24.58,63.8,118.44,54.59,77.92,2018
NY,New York,100.0,100.0,100.0,100.0,100.0,100.0,2018
Bahamas,Nassau,99.73,40.45,71.14,85.34,104.17,58.69,2018
CA,San Francisco,97.84,115.36,106.29,107.52,91.06,92.96,2018
Denmark,Copenhagen,97.62,50.66,74.97,77.53,121.23,113.31,2018
Luxembourg,Luxembourg,95.37,61.59,79.08,82.71,109.61,127.42,2018
AK,Anchorage,94.99,40.12,68.53,101.18,84.55,124.92,2018
HI,Honolulu,94.15,62.82,79.04,104.69,82.86,103.08,2018
Japan,Tokyo,93.81,37.07,66.45,99.67,58.93,106.42,2018
NY,Brooklyn,93.79,76.24,85.33,92.73,100.58,87.04,2018
France,Paris,92.87,50.3,72.34,87.29,91.77,97.62,2018
Ireland,Limerick,92.73,27.71,61.37,87.15,82.93,93.93,2018
MD,Rockville,92.66,64.0,78.84,87.76,74.74,130.79,2018
IN,Bloomington,92.14,33.64,63.93,112.83,75.43,96.92,2018
DC,Washington,91.94,73.3,82.95,92.74,85.0,120.62,2018
Denmark,Arhus,91.9,34.82,64.37,71.5,102.82,109.47,2018
Singapore,Singapore,91.4,71.89,81.99,83.64,64.4,95.89,2018
Denmark,Aalborg,91.17,26.81,60.13,73.79,101.14,106.35,2018
Sweden,Stockholm,90.85,45.27,68.87,84.06,93.71,108.2,2018
Australia,Sydney,90.77,68.43,80.0,85.02,77.09,118.81,2018
France,Montpellier,90.63,24.95,58.95,86.93,75.13,74.25,2018
Israel,Tel Aviv-Yafo,90.36,51.55,71.65,76.9,97.21,101.36,2018
CA,Santa Rosa,90.23,58.13,74.75,92.05,78.34,106.77,2018
Ireland,Dublin,89.92,62.13,76.52,73.62,95.64,88.11,2018
Israel,Jerusalem,89.62,38.43,64.93,74.2,96.35,84.17,2018
Austria,Linz,89.33,29.43,60.44,84.03,88.05,95.13,2018
VA,Arlington,89.2,61.85,76.01,88.51,82.63,120.53,2018
Netherlands,Amsterdam,89.14,58.22,74.23,70.13,95.2,101.7,2018
WA,Bellevue,88.85,66.67,78.15,88.43,80.99,73.46,2018
United Kingdom,London,88.69,76.67,82.89,67.36,96.36,92.61,2018
Belgium,Antwerp,88.2,28.06,59.19,79.12,101.67,90.18,2018
New Zealand,Hamilton,88.09,26.98,58.62,81.69,84.97,128.21,2018
WA,Seattle,88.04,64.41,76.64,89.85,83.22,144.6,2018
CA,Berkeley,87.82,78.69,83.42,97.88,78.29,115.84,2018
Finland,Helsinki,87.77,40.52,64.98,73.82,96.5,113.87,2018
France,Grenoble,87.73,25.07,57.51,88.71,79.04,115.7,2018
South Korea,Seoul,87.56,37.17,63.26,107.06,50.88,107.52,2018
Finland,Tampere,87.2,28.89,59.08,73.89,96.76,111.28,2018
MA,Boston,87.05,78.72,83.03,88.99,86.2,101.35,2018
New Zealand,Auckland,86.93,46.95,67.65,79.21,72.26,99.37,2018
Italy,Florence,86.9,31.81,60.34,76.28,87.67,66.09,2018
France,Nice,86.69,31.64,60.14,78.82,98.75,107.04,2018
United Kingdom,Milton Keynes,86.28,37.34,62.68,85.31,81.71,90.17,2018
Australia,Perth,86.24,40.5,64.18,80.79,90.63,130.38,2018
SC,Charleston,86.19,45.99,66.8,98.41,71.87,115.41,2018
Australia,Adelaide,86.02,36.56,62.17,82.05,81.67,113.86,2018
FL,Miami,86.01,63.2,75.01,87.37,95.81,97.81,2018
United Kingdom,Bath,85.79,37.62,62.56,78.47,83.51,117.98,2018
United Kingdom,Reading,85.56,40.91,64.03,71.32,95.36,130.18,2018
Belgium,Leuven,85.31,29.48,58.38,79.81,86.88,92.44,2018
Belgium,Gent,85.16,26.92,57.07,72.2,94.01,96.27,2018
Australia,Melbourne,85.15,44.81,65.7,82.11,77.29,127.15,2018
CA,Oakland,85.11,79.57,82.44,88.65,81.38,97.94,2018
Italy,Milan,85.1,43.65,65.11,75.56,92.27,71.94,2018
Italy,Genoa,85.04,21.49,54.39,74.03,83.87,71.66,2018
Australia,Darwin,84.98,46.52,66.43,82.29,91.79,118.09,2018
Australia,Cairns,84.98,30.59,58.75,84.5,74.96,118.05,2018
Netherlands,The Hague (Den Haag),84.97,35.55,61.14,70.25,89.11,106.25,2018
Germany,Munich,84.78,46.46,66.3,72.97,82.46,118.19,2018
France,Lyon,84.47,28.04,57.26,77.74,79.13,101.17,2018
Sweden,Gothenburg,84.38,30.46,58.38,77.45,91.06,112.1,2018
CT,New Haven,84.13,47.53,66.48,92.86,86.18,127.41,2018
CA,Irvine,83.73,66.26,75.3,89.49,76.5,139.48,2018
Belgium,Brussels,83.65,35.76,60.55,72.55,96.1,104.35,2018
PA,Philadelphia,83.46,48.09,66.4,82.24,79.37,116.06,2018
Netherlands,Utrecht,83.34,40.23,62.55,68.39,97.89,105.9,2018
United Kingdom,Aberdeen,83.18,32.13,58.56,67.23,99.29,115.94,2018
United Kingdom,Cambridge,82.96,47.33,65.78,67.22,95.67,105.39,2018
Ireland,Cork,82.89,39.97,62.19,67.32,91.87,105.57,2018
Australia,Hobart,82.88,31.46,58.08,81.1,88.26,99.4,2018
CA,San Jose,82.87,81.81,82.36,85.4,83.12,134.82,2018
France,Toulouse,82.85,24.97,54.94,77.86,82.38,113.77,2018
Israel,Ramat Gan,82.84,36.93,60.7,67.32,89.36,112.25,2018
Netherlands,Rotterdam,82.64,35.28,59.8,63.02,94.81,102.03,2018
WA,Tacoma,82.54,36.82,60.49,88.02,72.46,125.1,2018
Germany,Dusseldorf,82.48,36.34,60.23,65.69,74.97,114.5,2018
CA,Los Angeles,82.3,68.75,75.77,82.73,82.48,109.01,2018
CO,Boulder,82.19,53.8,68.5,86.22,74.92,143.02,2018
NL,St. John's,82.18,22.48,53.39,86.39,79.73,98.06,2018
Finland,Turku,82.18,25.55,54.87,69.79,88.89,125.14,2018
Australia,Brisbane,82.17,43.31,63.43,75.42,81.39,130.41,2018
Canada,Halifax,82.03,29.33,56.61,88.57,75.91,95.7,2018
Canada,Thunder Bay,81.98,26.2,55.08,77.76,74.63,84.87,2018
Israel,Haifa,81.81,20.68,52.33,66.6,91.38,120.61,2018
Italy,Padova,81.77,23.89,53.85,67.49,78.91,77.42,2018
Germany,Frankfurt,81.65,37.59,60.4,66.85,81.18,142.76,2018
ME,Portland,81.6,40.73,61.89,86.96,88.58,113.69,2018
MN,Minneapolis,81.46,45.65,64.19,87.48,75.88,131.08,2018
VA,Norfolk,81.36,43.59,63.14,90.06,81.31,64.42,2018
Canada,Saskatoon,81.02,29.7,56.27,82.39,72.78,99.63,2018
Australia,Canberra,80.9,45.03,63.6,77.06,79.23,139.38,2018
New Zealand,Wellington,80.87,40.42,61.36,77.17,72.02,118.59,2018
CT,Hartford,80.86,42.15,62.19,78.41,86.26,101.57,2018
NY,Queens,80.77,64.73,73.04,74.39,87.27,113.4,2018
Germany,Hamburg,80.75,33.61,58.02,64.85,77.19,116.06,2018
Italy,Parma,80.69,25.04,53.85,71.96,87.4,84.79,2018
Netherlands,Maastricht,80.69,33.35,57.86,70.13,81.68,105.35,2018
Austria,Graz,80.59,24.94,53.75,78.18,65.21,106.41,2018
New Zealand,Christchurch,80.51,30.13,56.21,75.7,78.95,90.4,2018
Ireland,Galway,80.22,34.58,58.21,70.9,81.75,100.11,2018
NY,Albany,80.19,30.82,56.38,83.35,71.86,139.34,2018
IL,Chicago,80.16,56.71,68.85,79.14,77.99,119.17,2018
United Kingdom,Portsmouth,80.05,32.23,56.99,62.19,89.21,94.57,2018
NJ,Jersey City,79.91,66.0,73.2,79.5,85.95,130.99,2018
Sweden,Malmo,79.79,28.57,55.09,73.61,87.62,120.92,2018
Sweden,Uppsala,79.7,28.42,54.97,70.45,87.61,119.75,2018
Sweden,Lund,79.39,27.07,54.16,75.3,80.06,122.8,2018
United Kingdom,Oxford,79.37,53.29,66.79,62.18,81.92,86.68,2018
WA,Olympia,79.25,36.06,58.42,77.18,78.7,125.04,2018
United Kingdom,Edinburgh,79.2,34.6,57.69,69.3,89.29,104.25,2018
Canada,Barrie,79.18,28.03,54.51,79.85,76.95,127.57,2018
CA,Santa Barbara,79.17,71.45,75.45,76.47,87.43,134.38,2018
Italy,Bologna,79.04,26.08,53.5,70.14,85.23,76.44,2018
OR,Eugene,78.94,31.38,56.0,91.86,69.07,109.06,2018
Malta,Sliema,78.94,36.17,58.32,69.3,89.2,74.89,2018
VT,Burlington,78.89,41.89,61.05,82.04,79.41,101.19,2018
Italy,Rome,78.8,40.24,60.2,68.34,85.32,72.78,2018
CA,Sacramento,78.75,43.34,61.67,80.02,74.2,135.14,2018
Netherlands,Eindhoven,78.72,35.2,57.73,63.05,88.51,119.87,2018
Hong Kong,Hong Kong,78.72,79.54,79.12,83.47,56.17,82.86,2018
PA,Pittsburgh,78.66,39.02,59.54,76.56,70.89,133.38,2018
Austria,Vienna,78.64,35.04,57.61,73.8,73.39,98.88,2018
Japan,Osaka,78.5,23.88,52.16,79.2,45.06,109.62,2018
OR,Portland,78.45,51.72,65.56,79.56,68.4,125.57,2018
MN,Saint Paul,78.37,40.38,60.05,81.15,74.68,97.64,2018
France,Lille,78.34,24.7,52.47,65.77,74.43,89.56,2018
CA,Long Beach,78.23,54.98,67.01,82.77,76.98,127.25,2018
United Kingdom,York,77.98,29.69,54.69,68.51,85.11,110.55,2018
Italy,Trieste,77.97,21.54,50.76,72.67,80.97,90.05,2018
Canada,Brampton,77.9,29.01,54.32,83.61,64.25,103.74,2018
United Kingdom,Bristol,77.83,40.01,59.59,63.13,92.62,108.18,2018
Italy,Bergamo,77.71,22.05,50.87,64.43,91.76,89.37,2018
FL,Fort Lauderdale,77.67,51.63,65.11,79.05,77.85,104.35,2018
WA,Everett,77.63,42.48,60.68,84.84,70.29,113.75,2018
NC,Asheville,77.36,37.85,58.31,84.94,72.18,111.73,2018
CO,Denver,77.31,54.0,66.07,77.48,79.43,130.1,2018
Germany,Heidelberg,77.3,37.21,57.96,61.01,75.28,133.23,2018
United Kingdom,Manchester,77.15,30.87,54.83,63.07,85.92,98.91,2018
WA,Bellingham,77.13,34.7,56.67,79.09,77.88,131.14,2018
Australia,Newcastle,77.12,43.45,60.88,76.5,84.01,134.62,2018
FL,Melbourne,77.09,29.38,54.08,85.53,77.04,128.34,2018
CA,San Diego,77.01,61.91,69.73,75.09,82.09,142.72,2018
Germany,Mannheim,76.97,27.25,52.99,61.07,73.5,156.77,2018
Netherlands,Groningen,76.64,30.91,54.59,66.99,87.82,105.46,2018
LA,New Orleans,76.64,40.21,59.07,75.15,84.0,116.56,2018
FL,Orlando,76.63,37.35,57.68,82.77,69.38,129.02,2018
MD,Baltimore,76.57,45.03,61.36,73.92,80.16,116.79,2018
FL,Tampa,76.53,42.09,59.92,80.64,80.21,144.43,2018
FL,West Palm Beach,76.52,43.11,60.41,79.59,78.92,124.36,2018
Canada,Calgary,76.44,31.37,54.7,72.97,75.23,146.39,2018
United Kingdom,Brighton,76.4,44.89,61.21,58.61,86.71,83.51,2018
Canada,Red Deer,76.15,25.51,51.73,69.85,74.21,136.55,2018
Canada,Edmonton,76.01,31.61,54.6,74.26,73.66,131.93,2018
United Kingdom,Nottingham,75.98,24.8,51.3,65.92,75.29,107.61,2018
Germany,Karlsruhe,75.8,23.89,50.76,57.26,80.6,136.82,2018
United Kingdom,Coventry,75.72,26.45,51.96,64.04,71.27,133.86,2018
Canada,Vancouver,75.59,53.5,64.94,78.26,70.12,96.77,2018
Canada,Victoria,75.47,40.0,58.36,79.13,70.56,112.52,2018
CO,Colorado Springs,75.42,31.21,54.1,72.93,76.48,150.89,2018
United Kingdom,Norwich,75.4,25.34,51.26,58.53,81.1,89.95,2018
NC,Charlotte,75.35,40.62,58.6,79.4,73.87,112.72,2018
TX,Plano,75.32,40.02,58.3,73.93,63.49,101.69,2018
Canada,Toronto,75.22,46.94,61.58,70.65,71.58,106.83,2018
GA,Atlanta,74.97,45.83,60.92,75.0,74.81,153.77,2018
Italy,Turin,74.94,23.25,50.01,61.62,76.26,85.62,2018
United Kingdom,Leeds,74.92,30.31,53.41,61.69,91.99,109.59,2018
AR,Fayetteville,74.9,24.85,50.76,81.39,69.15,104.92,2018
Australia,Gold Coast,74.89,38.76,57.46,74.88,72.35,124.98,2018
Canada,Kelowna,74.78,34.84,55.52,77.54,68.9,109.75,2018
IN,Indianapolis,74.72,35.67,55.89,73.92,74.26,94.22,2018
AL,Birmingham,74.64,31.36,53.77,76.12,74.13,134.55,2018
Germany,Stuttgart,74.53,34.86,55.4,55.57,72.07,134.02,2018
Germany,Berlin,74.32,33.54,54.65,60.74,65.57,114.09,2018
Canada,Burlington,74.32,34.2,54.97,68.68,82.63,137.47,2018
United Kingdom,Sheffield,74.31,25.05,50.55,56.87,84.47,110.96,2018
United Kingdom,Glasgow,74.3,28.12,52.03,61.85,79.52,124.11,2018
GA,Augusta,74.29,22.45,49.29,82.42,62.66,100.38,2018
NC,Greensboro,74.1,26.05,50.93,80.28,62.04,141.87,2018
SC,Greenville,74.08,36.03,55.73,83.74,67.18,127.49,2018
Spain,Palma De Mallorca,74.08,24.4,50.12,62.9,71.61,80.26,2018
Germany,Cologne,74.02,29.75,52.67,55.97,73.95,131.06,2018
Germany,Bonn,73.61,29.24,52.21,55.0,70.68,118.12,2018
FL,Jacksonville,73.58,32.27,53.66,77.14,73.25,117.13,2018
CO,Fort Collins,73.57,42.07,58.38,81.45,61.31,73.23,2018
OH,Cleveland,73.47,28.35,51.71,67.52,74.7,146.27,2018
Germany,Bremen,73.41,22.22,48.72,59.15,70.25,131.14,2018
WI,Milwaukee,73.37,35.5,55.11,71.9,71.59,139.23,2018
Spain,Bilbao,73.3,30.28,52.55,65.27,75.33,92.96,2018
FL,Saint Petersburg,73.29,41.01,57.72,72.82,75.33,145.31,2018
United Kingdom,Exeter,73.17,31.86,53.24,58.28,82.78,86.66,2018
TN,Memphis,72.95,27.52,51.04,73.96,70.71,154.91,2018
Canada,Guelph,72.93,28.86,51.68,68.86,80.08,114.41,2018
NY,Syracuse,72.88,30.77,52.57,72.26,67.76,103.63,2018
Canada,Waterloo,72.86,29.64,52.01,70.36,70.2,120.38,2018
Canada,Regina,72.85,28.93,51.67,73.25,66.3,109.12,2018
NJ,Newark,72.68,40.31,57.07,66.47,77.87,94.1,2018
OH,Akron,72.65,21.57,48.02,77.33,63.79,99.21,2018
United Arab Emirates,Dubai,72.58,66.88,69.83,61.71,67.23,123.71,2018
Germany,Nuremberg,72.57,25.08,49.67,55.83,71.58,127.52,2018
Canada,Mississauga,72.54,36.65,55.23,68.46,67.15,106.67,2018
TX,Austin,72.46,49.8,61.53,73.02,75.56,140.39,2018
Germany,Leipzig,72.4,20.19,47.22,54.51,64.82,91.69,2018
Taiwan,Taipei,72.39,21.61,47.9,87.57,34.77,104.9,2018
CA,Fresno,72.36,30.94,52.38,72.51,75.89,110.71,2018
NY,Buffalo,72.15,28.94,51.31,69.14,72.72,120.23,2018
LA,Shreveport,72.07,25.24,49.48,78.42,64.04,76.03,2018
Canada,Windsor,72.0,21.38,47.59,63.4,67.16,118.85,2018
BC,Nanaimo,71.9,25.11,49.33,78.03,63.87,99.07,2018
TN,Nashville,71.88,47.73,60.23,74.28,69.38,125.4,2018
Germany,Aachen,71.81,24.48,48.99,57.78,64.67,128.79,2018
Canada,Moncton,71.79,18.63,46.15,70.92,66.98,88.06,2018
United Kingdom,Birmingham,71.6,29.57,51.33,57.06,79.83,106.25,2018
United Kingdom,Cardiff,71.52,28.32,50.69,65.68,72.66,109.78,2018
United Kingdom,Southampton,71.48,33.09,52.97,58.97,76.0,116.26,2018
NH,Manchester,71.46,33.61,53.2,76.26,72.86,124.75,2018
NC,Raleigh,71.4,37.42,55.02,78.32,70.58,131.99,2018
AR,Little Rock,71.29,24.83,48.89,77.24,64.98,132.31,2018
Germany,Dresden,71.22,22.95,47.94,56.07,59.77,105.93,2018
Canada,Winnipeg,71.22,24.91,48.89,69.49,67.33,114.61,2018
Canada,Quebec City,71.21,17.97,45.53,71.69,65.29,118.31,2018
Italy,Naples,71.14,19.85,46.41,66.45,63.1,59.99,2018
VA,Richmond,70.98,36.18,54.2,77.66,65.74,133.08,2018
NV,Las Vegas,70.97,29.98,51.2,66.54,74.53,148.81,2018
MO,Saint Louis,70.76,30.11,51.15,71.33,68.14,144.7,2018
MI,Grand Rapids,70.58,32.95,52.43,69.69,70.77,143.87,2018
NY,Rochester,70.52,30.31,51.13,72.96,74.66,158.71,2018
TX,Houston,70.37,44.1,57.7,71.01,71.15,145.38,2018
MI,Detroit,70.2,35.48,53.45,67.02,59.3,131.62,2018
Germany,Darmstadt,70.17,30.69,51.13,53.91,66.6,145.86,2018
MI,Ann Arbor,70.01,45.26,58.07,69.31,62.97,163.57,2018
Canada,Ottawa,69.91,31.76,51.51,64.16,71.95,145.32,2018
PA,Harrisburg,69.91,27.78,49.59,72.58,66.41,140.56,2018
United Kingdom,Newcastle Upon Tyne,69.91,25.69,48.58,54.05,78.46,127.4,2018
OR,Salem,69.81,32.0,51.58,70.61,68.39,106.58,2018
OH,Dayton,69.76,21.96,46.71,73.53,62.38,114.2,2018
Spain,Barcelona,69.75,33.71,52.37,59.29,65.07,77.27,2018
SC,Columbia,69.7,29.48,50.3,75.37,65.65,92.47,2018
France,Marseille,69.66,23.92,47.6,61.91,69.58,104.22,2018
United Kingdom,Liverpool,69.53,24.96,48.04,52.24,78.55,116.18,2018
Germany,Hanover,69.47,22.04,46.59,58.88,64.04,160.86,2018
IN,Fort Wayne,69.42,21.43,46.28,74.49,69.24,129.87,2018
Canada,London,69.39,24.58,47.78,65.97,66.17,105.79,2018
IA,Des Moines,69.37,31.23,50.97,73.45,63.64,125.85,2018
VA,Virginia Beach,69.33,37.42,53.94,68.92,71.08,151.73,2018
WA,Spokane,69.26,26.97,48.86,70.06,64.46,135.55,2018
CA,Bakersfield,69.2,29.09,49.86,71.91,64.38,120.54,2018
Canada,Montreal,69.18,26.68,48.69,68.65,67.17,120.29,2018
Canada,Gatineau,69.17,19.72,45.32,69.98,64.66,142.51,2018
OH,Columbus,69.13,35.51,52.92,66.96,62.16,125.47,2018
OH,Cincinnati,69.13,31.11,50.79,61.6,70.4,136.92,2018
MO,Kansas City,69.05,29.33,49.89,68.17,63.04,135.76,2018
United Kingdom,Belfast,68.77,23.7,47.04,61.07,79.19,103.27,2018
Puerto Rico,San Juan,68.77,26.09,48.18,66.18,57.67,116.19,2018
United Kingdom,Derby,68.68,21.48,45.92,58.52,71.55,110.83,2018
NE,Lincoln,68.61,28.38,49.21,71.56,62.02,124.13,2018
Malta,Malta,68.44,26.6,48.26,54.11,69.0,72.13,2018
FL,Fort Myers,68.06,31.9,50.62,71.88,62.43,86.87,2018
KY,Lexington,67.9,25.51,47.45,69.03,62.48,130.77,2018
TX,Fort Worth,67.81,35.29,52.12,66.57,65.5,142.22,2018
NE,Omaha,67.8,30.43,49.78,69.41,62.64,134.51,2018
WA,Vancouver,67.79,34.12,51.55,61.12,67.28,127.95,2018
Spain,Madrid,67.63,33.41,51.13,56.59,70.41,96.36,2018
Canada,Surrey,67.37,33.36,50.97,65.23,61.6,93.78,2018
Uruguay,Montevideo,67.18,21.14,44.97,54.33,70.89,35.71,2018
KS,Wichita,67.02,24.63,46.58,67.02,68.1,118.39,2018
TX,Lubbock,66.9,24.63,46.52,61.64,68.94,133.25,2018
TN,Chattanooga,66.89,27.77,48.02,67.8,62.68,145.27,2018
AZ,Phoenix,66.87,33.32,50.69,62.4,71.42,139.29,2018
SD,Sioux Falls,66.85,25.7,47.0,69.13,56.18,168.93,2018
UT,Salt Lake City,66.76,34.91,51.4,64.48,68.75,148.6,2018
OK,Tulsa,66.71,28.61,48.34,67.6,62.03,123.2,2018
NC,Durham,66.44,35.54,51.54,64.75,67.79,146.95,2018
MO,Springfield,66.4,18.79,43.44,73.6,63.28,77.68,2018
NC,Winston-salem,66.27,24.96,46.34,71.92,69.63,117.44,2018
Cyprus,Nicosia,66.23,17.22,42.59,53.67,78.46,90.59,2018
Qatar,Doha,66.12,66.84,66.46,57.95,65.81,120.86,2018
Taiwan,Taichung,65.98,13.0,40.43,84.29,29.75,66.76,2018
TX,Dallas,65.94,42.64,54.7,61.95,67.11,162.37,2018
NM,Albuquerque,65.73,25.5,46.33,68.04,64.58,123.57,2018
TX,Arlington,65.63,30.04,48.47,62.02,63.87,152.9,2018
WI,Madison,65.6,36.95,51.78,62.5,66.34,144.83,2018
Slovenia,Ljubljana,65.47,20.62,43.84,54.76,57.7,74.7,2018
Spain,Zaragoza (Saragossa),65.4,15.21,41.2,54.76,60.66,77.87,2018
AL,Mobile,65.31,24.63,45.69,67.4,64.09,122.2,2018
Canada,Hamilton,65.26,27.6,47.1,60.77,65.83,122.71,2018
KY,Louisville,65.14,28.33,47.39,65.76,65.91,127.21,2018
Lebanon,Beirut,65.03,34.98,50.54,47.46,66.58,52.68,2018
United Arab Emirates,Abu Dhabi,64.97,64.25,64.62,54.3,65.93,131.24,2018
Greece,Thessaloniki,64.94,11.57,39.2,52.32,61.77,48.72,2018
FL,Pensacola,64.88,28.72,47.44,62.12,64.75,128.73,2018
Greece,Athens,64.67,13.97,40.22,51.34,64.82,52.86,2018
OK,Oklahoma City,64.29,26.54,46.09,66.52,58.15,142.4,2018
Canada,Kitchener,63.9,27.36,46.28,58.85,59.89,124.25,2018
Cyprus,Limassol,63.52,24.22,44.57,52.24,66.53,93.12,2018
AL,Huntsville,63.34,27.45,46.03,64.13,63.83,152.26,2018
AZ,Tucson,63.0,23.8,44.1,61.12,63.64,138.07,2018
NV,Reno,62.88,35.99,49.92,58.04,64.1,136.4,2018
Cuba,Havana,62.74,12.01,38.27,41.43,28.23,1.88,2018
ID,Boise,62.65,28.91,46.37,58.7,65.39,130.86,2018
TN,Knoxville,62.18,29.77,46.55,60.36,64.67,128.69,2018
Ghana,Accra,61.93,32.3,47.64,60.07,40.1,14.07,2018
TX,College Station,61.85,32.7,47.79,68.95,57.12,118.7,2018
Slovakia,Martin,61.04,20.8,41.63,56.66,51.89,44.36,2018
TX,San Antonio,60.92,34.5,48.18,58.17,60.96,154.92,2018
GA,Athens,60.55,26.67,44.21,57.85,59.58,110.52,2018
Estonia,Tallinn,60.51,17.66,39.84,45.31,61.04,74.02,2018
Costa Rica,San Jose,60.46,19.28,40.6,60.98,49.47,48.89,2018
Spain,Valencia,60.33,20.61,41.17,50.92,56.84,90.71,2018
Taiwan,Kaohsiung,60.22,10.41,36.2,71.17,26.25,127.49,2018
Spain,Sevilla,60.16,21.15,41.35,52.11,58.14,81.43,2018
Cyprus,Larnaca,59.97,11.36,36.53,49.72,66.8,83.19,2018
United Arab Emirates,Sharjah,59.38,29.86,45.15,50.37,43.99,123.32,2018
Croatia,Split,59.05,13.74,37.2,50.46,55.16,53.22,2018
Bahrain,Manama,59.0,30.65,45.33,57.63,54.83,67.56,2018
Croatia,Rijeka,58.54,12.29,36.24,49.63,46.7,51.41,2018
Jordan,Amman,58.47,14.58,37.3,49.55,55.56,41.83,2018
Croatia,Zagreb,58.0,15.39,37.45,49.52,46.65,64.19,2018
Portugal,Lisbon,57.69,29.33,44.01,47.02,50.14,58.48,2018
Greece,Patras,57.35,9.41,34.23,46.44,53.51,64.63,2018
Panama,Panama City,57.23,32.46,45.29,56.48,52.95,38.24,2018
Spain,Malaga,57.23,21.19,39.85,48.93,55.28,94.71,2018
Brazil,Campinas,57.21,14.1,36.42,43.15,48.2,59.53,2018
Brazil,Rio De Janeiro,57.14,21.61,40.0,42.19,48.58,39.15,2018
Portugal,Funchal,57.0,17.91,38.15,47.03,44.3,52.72,2018
Chile,Santiago,56.85,17.85,38.04,48.15,55.32,50.65,2018
Brazil,Sao Paulo,56.83,21.02,39.56,43.58,48.59,40.03,2018
China,Shanghai,56.16,41.95,49.3,61.7,40.74,66.16,2018
Argentina,Buenos Aires,56.05,15.58,36.53,48.19,56.51,60.03,2018
Thailand,Bangkok,55.79,26.21,41.52,62.4,27.99,44.94,2018
Philippines,Makati,55.54,26.91,41.73,59.97,28.91,46.37,2018
Estonia,Tartu,55.49,14.44,35.69,42.41,55.7,75.23,2018
Portugal,Porto,54.92,20.87,38.5,45.79,44.12,63.31,2018
Latvia,Riga,54.87,15.23,35.75,42.56,51.15,53.77,2018
Portugal,Coimbra,54.5,14.58,35.25,46.39,42.38,75.56,2018
Spain,Granada,54.47,14.9,35.39,44.63,51.02,94.61,2018
Lithuania,Vilnius,54.26,17.9,36.72,42.58,49.97,56.97,2018
Brazil,Porto Alegre,53.88,14.79,35.03,42.32,42.19,46.35,2018
Brazil,Brasilia,53.84,16.73,35.94,44.65,47.74,49.33,2018
Czech Republic,Prague,53.84,25.06,39.96,47.04,40.31,77.13,2018
Slovakia,Bratislava,53.64,22.87,38.8,46.54,44.37,72.75,2018
Spain,Santa Cruz De Tenerife,53.34,18.05,36.32,44.56,53.88,93.75,2018
South Africa,Pretoria,53.19,15.59,35.06,43.22,47.05,108.14,2018
Thailand,Phuket,53.17,14.65,34.59,57.38,27.69,55.31,2018
Spain,Las Palmas,52.71,20.09,36.98,44.95,51.06,84.11,2018
Lithuania,Kaunas,52.56,12.38,33.19,41.09,45.84,57.97,2018
Brazil,Recife,52.22,12.23,32.93,41.22,41.58,39.68,2018
Lithuania,Klaipeda,52.09,11.61,32.57,43.52,46.6,58.53,2018
Brazil,Fortaleza,52.0,9.81,31.65,43.69,38.32,30.52,2018
Namibia,Windhoek,51.84,23.11,37.98,47.76,43.74,55.51,2018
Russia,Moscow,51.82,34.1,43.27,40.9,56.03,59.58,2018
Portugal,Braga,51.43,12.28,32.55,42.67,36.9,71.62,2018
Slovakia,Kosice,51.36,16.16,34.38,44.97,33.36,61.62,2018
Oman,Muscat,51.2,25.41,38.76,46.81,51.63,103.55,2018
Hungary,Budapest,51.0,18.08,35.12,40.71,40.43,55.54,2018
Saudi Arabia,Jeddah (Jiddah),51.0,14.41,33.35,43.21,34.15,113.18,2018
Malaysia,Johor Bahru,50.98,11.96,32.16,63.42,25.08,42.93,2018
Zimbabwe,Harare,50.74,14.24,33.14,45.45,36.15,26.86,2018
Brazil,Belo Horizonte,50.41,12.56,32.15,37.82,41.12,35.32,2018
Brazil,Florianopolis,50.4,15.08,33.37,39.36,42.08,39.69,2018
Ethiopia,Addis Ababa,50.3,24.39,37.8,43.58,22.5,13.57,2018
Czech Republic,Brno,50.29,19.26,35.32,44.77,34.98,73.86,2018
El Salvador,San Salvador,50.29,12.78,32.2,51.28,37.29,28.62,2018
Saudi Arabia,Al Khobar,50.18,15.67,33.53,44.86,33.74,124.32,2018
South Africa,Johannesburg,50.02,22.45,36.72,41.72,49.92,125.99,2018
Malaysia,Petaling Jaya,49.8,12.34,31.73,58.94,23.68,68.75,2018
Tanzania,Dar Es Salaam,49.66,24.56,37.55,34.82,33.56,18.87,2018
China,Shenzhen,49.65,25.37,37.94,53.67,31.34,83.96,2018
Malaysia,Penang,49.5,10.67,30.78,56.99,26.28,68.42,2018
Ecuador,Guayaquil,49.49,13.57,32.17,44.21,36.59,36.14,2018
Brazil,Curitiba,49.43,12.63,31.68,37.0,41.47,46.26,2018
Cambodia,Phnom Penh,49.24,17.42,33.89,53.68,24.62,26.41,2018
Dominican Republic,Santo Domingo,49.1,12.49,31.44,42.25,46.38,28.77,2018
Iraq,Irbil,49.08,13.91,32.12,41.62,43.07,49.2,2018
Croatia,Osijek,49.04,8.14,29.32,40.85,36.36,58.44,2018
Poland,Gdansk,49.01,17.8,33.96,36.86,40.96,72.77,2018
Saudi Arabia,Ad Dammam,48.87,12.68,31.41,42.33,32.19,141.35,2018
Ecuador,Quito,48.84,14.05,32.06,47.67,36.41,34.37,2018
Poland,Warsaw,48.31,22.5,35.86,38.53,42.2,77.31,2018
Saudi Arabia,Riyadh,48.21,16.46,32.9,41.46,35.41,129.2,2018
Thailand,Chiang Mai,47.92,12.1,30.65,60.54,22.68,31.68,2018
Poland,Gdynia,47.86,14.6,31.82,38.15,43.91,72.98,2018
Malaysia,Kota Kinabalu,47.75,10.48,29.78,56.27,23.67,37.17,2018
South Africa,Cape Town,47.55,28.98,38.59,40.96,45.21,94.27,2018
Thailand,Pattaya,47.24,18.59,33.42,50.38,29.61,29.96,2018
South Africa,Port Elizabeth,47.09,13.95,31.11,40.21,41.53,64.08,2018
Guatemala,Guatemala City,46.97,15.52,31.8,43.64,37.17,41.41,2018
Malaysia,Kuching,46.79,6.86,27.53,52.35,20.02,41.76,2018
Indonesia,Jakarta,46.47,19.34,33.39,49.49,26.34,34.8,2018
Russia,Saint Petersburg,46.41,20.17,33.75,38.12,47.73,56.75,2018
South Africa,Durban,46.3,15.74,31.56,39.21,43.53,96.43,2018
Malaysia,Kuala Lumpur,46.28,17.96,32.62,47.17,27.39,80.73,2018
Poland,Wroclaw,46.27,19.64,33.43,38.06,39.12,74.19,2018
China,Beijing,46.09,33.51,40.02,44.92,35.14,76.61,2018
Iraq,Baghdad,46.05,14.76,30.96,40.35,42.03,52.05,2018
Malaysia,Selangor,46.04,11.34,29.31,50.35,23.26,88.61,2018
Czech Republic,Olomouc,45.99,13.01,30.08,43.34,31.6,79.5,2018
Poland,Krakow (Cracow),45.79,18.18,32.48,36.66,38.32,73.59,2018
Mozambique,Maputo,45.29,18.58,32.41,36.64,41.88,33.15,2018
Poland,Poznan,45.27,15.45,30.89,37.57,37.54,74.63,2018
Hungary,Debrecen,44.92,10.34,28.24,37.81,33.04,48.52,2018
Poland,Bydgoszcz,44.91,15.1,30.53,35.24,37.73,66.01,2018
Czech Republic,Ostrava,44.78,10.73,28.36,38.89,32.47,78.36,2018
Turkey,Istanbul,44.73,14.35,30.08,39.35,33.0,54.57,2018
Montenegro,Podgorica,44.68,11.1,28.48,35.64,37.75,51.8,2018
Poland,Szczecin,44.61,12.73,29.23,35.91,34.7,60.33,2018
Romania,Bucharest,44.38,14.0,29.73,36.6,40.58,58.75,2018
Serbia,Belgrade,43.99,12.28,28.7,32.31,38.34,40.25,2018
Peru,Lima,43.92,17.91,31.38,39.88,31.53,39.55,2018
Indonesia,Bali,43.73,8.12,26.56,49.07,25.29,29.2,2018
Poland,Lodz,43.68,12.79,28.78,34.02,36.68,70.09,2018
China,Guangzhou,43.5,20.93,32.61,44.04,27.37,79.47,2018
Bulgaria,Sofia,43.11,12.96,28.57,37.06,34.44,60.66,2018
Bosnia And Herzegovina,Sarajevo,42.5,10.13,26.89,35.37,31.5,48.89,2018
Philippines,Manila,42.4,19.94,31.57,38.19,29.13,43.04,2018
Poland,Lublin,42.33,18.04,30.62,34.52,34.11,57.02,2018
Poland,Katowice,42.28,12.37,27.86,34.17,32.56,81.77,2018
Bulgaria,Varna,42.26,8.71,26.08,37.66,34.85,48.43,2018
Kenya,Nairobi,42.06,12.27,27.7,40.4,34.31,27.87,2018
Russia,Yekaterinburg,42.05,12.4,27.75,37.86,36.08,52.61,2018
Philippines,Cebu,41.81,11.84,27.36,43.31,24.71,26.16,2018
Romania,Timisoara,41.62,10.78,26.75,34.26,36.97,59.09,2018
Morocco,Rabat,41.62,13.47,28.04,37.31,27.57,45.29,2018
Vietnam,Ho Chi Minh City,41.28,18.81,30.45,42.17,21.09,36.92,2018
Turkey,Ankara,41.21,7.95,25.17,36.71,31.39,56.89,2018
Turkey,Izmir,40.97,8.86,25.48,37.48,29.22,54.57,2018
Bulgaria,Burgas,40.81,7.29,24.65,35.83,33.58,50.53,2018
Romania,Cluj-Napoca,40.51,13.6,27.54,34.7,33.06,59.81,2018
Bulgaria,Plovdiv,40.29,7.65,24.55,35.49,33.1,54.98,2018
Turkey,Bursa,40.26,6.73,24.09,34.46,27.63,55.63,2018
Indonesia,Yogyakarta,40.01,6.09,23.65,45.78,14.56,30.25,2018
Vietnam,Hanoi,39.89,14.56,27.67,40.28,22.71,27.09,2018
Russia,Novosibirsk,39.86,12.16,26.5,35.77,34.9,47.89,2018
Bosnia And Herzegovina,Banja Luka,39.85,7.77,24.38,32.73,28.97,51.24,2018
Russia,Nizhny Novgorod,39.83,11.38,26.11,35.11,37.77,40.34,2018
Romania,Iasi,39.81,10.55,25.7,33.52,34.64,51.29,2018
China,Suzhou,39.57,17.11,28.74,39.63,31.65,91.87,2018
Russia,Kazan,39.53,12.81,26.64,33.82,43.81,51.14,2018
Romania,Sibiu,39.5,8.46,24.53,32.76,33.38,54.27,2018
Albania,Tirana,39.33,9.96,25.17,31.79,32.05,38.05,2018
China,Chengdu,39.26,12.73,26.47,38.41,28.42,77.03,2018
Indonesia,Surabaya,39.24,8.6,24.46,43.32,18.67,37.58,2018
Russia,Rostov-na-donu,39.1,12.21,26.13,31.64,41.73,35.31,2018
Colombia,Bogota,38.99,13.86,26.87,31.74,29.55,42.03,2018
Romania,Oradea,38.94,7.42,23.74,32.85,25.94,46.65,2018
Serbia,Novi Sad,38.9,7.47,23.74,31.2,28.89,48.41,2018
Morocco,Casablanca,38.81,16.45,28.02,33.78,28.81,47.32,2018
Turkey,Antalya,38.77,7.18,23.53,33.47,29.4,54.45,2018
Macedonia,Skopje,38.51,9.26,24.4,30.7,29.14,41.99,2018
Mexico,Monterrey,38.45,11.52,25.46,35.16,38.06,84.22,2018
Ecuador,Cuenca,38.41,10.38,24.89,37.19,26.71,43.44,2018
Romania,Brasov,38.37,9.96,24.67,31.4,33.82,67.91,2018
Mongolia,Ulaanbaatar,38.13,11.34,25.21,37.23,25.59,33.71,2018
Indonesia,Medan,37.99,4.71,21.94,41.6,18.35,44.28,2018
Iran,Tehran,37.8,19.93,29.18,34.45,30.9,43.28,2018
Sri Lanka,Colombo,37.72,9.88,24.29,41.98,22.74,27.62,2018
Indonesia,Bandung,37.68,6.05,22.42,43.19,17.12,33.9,2018
Mexico,Mexico City,37.54,17.84,28.04,34.66,32.65,64.03,2018
Kazakhstan,Astana,37.51,14.88,26.6,32.67,38.79,40.49,2018
Serbia,Nis,37.32,5.73,22.09,29.67,30.85,38.68,2018
Rwanda,Kigali,37.18,11.85,24.96,31.27,27.33,28.22,2018
Algeria,Algiers,37.13,8.61,23.38,38.43,22.86,33.38,2018
Romania,Arad,36.47,9.22,23.33,30.52,28.55,60.77,2018
Paraguay,Asuncion,36.16,10.71,23.88,30.88,27.65,34.68,2018
Bolivia,Santa Cruz,36.14,14.26,25.59,29.42,29.15,57.64,2018
Nepal,Kathmandu,36.06,5.83,21.48,33.22,21.92,23.73,2018
Kazakhstan,Almaty,36.05,11.72,24.31,28.66,35.51,46.81,2018
Colombia,Medellin,35.87,12.33,24.52,31.73,27.61,29.33,2018
Mexico,Cancun,35.58,9.8,23.15,29.93,35.3,61.69,2018
Belarus,Minsk,35.3,11.25,23.71,28.55,38.12,43.77,2018
India,Gurgaon,34.9,10.96,23.36,32.59,30.88,110.97,2018
Romania,Craiova,34.34,6.84,21.07,28.61,25.41,58.56,2018
Mexico,Guadalajara,34.19,10.12,22.58,33.15,30.82,71.87,2018
Mexico,Tijuana,34.13,10.81,22.88,32.67,32.65,45.26,2018
Armenia,Yerevan,34.12,9.37,22.18,27.73,31.77,32.52,2018
Uganda,Kampala,34.09,7.59,21.31,28.02,26.64,23.36,2018
Moldova,Chisinau,34.06,9.35,22.14,27.64,25.5,31.39,2018
Philippines,Quezon City,33.93,7.79,21.33,29.54,19.44,29.57,2018
Mexico,Hermosillo,33.86,7.29,21.05,30.3,29.75,77.33,2018
Philippines,Davao,33.67,6.84,20.73,32.75,16.83,28.86,2018
Bangladesh,Dhaka,33.64,6.83,20.71,31.89,23.54,37.72,2018
Venezuela,Caracas,33.64,9.63,22.06,35.03,30.79,3.72,2018
Mexico,Queretaro,33.51,9.52,21.94,33.17,27.96,63.18,2018
Mexico,Merida,33.18,7.58,20.83,32.01,26.75,37.23,2018
Colombia,Cali,33.04,7.44,20.69,28.79,23.76,39.71,2018
Mexico,Puerto Vallarta,32.7,11.52,22.48,32.27,31.03,62.36,2018
Mexico,Puebla,32.65,7.22,20.38,28.36,27.84,45.28,2018
India,Mumbai,32.59,22.72,27.83,32.94,26.68,73.49,2018
India,Noida,32.37,6.56,19.92,33.12,24.04,95.95,2018
India,Delhi,32.14,9.74,21.34,30.67,27.54,78.33,2018
Azerbaijan,Baku,31.31,9.65,20.86,27.9,32.31,29.19,2018
Philippines,Valenzuela,31.23,3.82,18.01,32.44,12.95,31.9,2018
Pakistan,Islamabad,30.83,8.79,20.2,28.5,23.5,43.2,2018
India,Bangalore,30.34,9.76,20.41,31.47,20.23,100.26,2018
Tunisia,Tunis,30.06,7.39,19.13,29.49,18.19,34.32,2018
India,Thane,29.82,9.3,19.92,31.07,21.18,70.55,2018
Ukraine,Odesa,29.79,10.23,20.36,22.29,24.04,27.73,2018
Georgia,Tbilisi,29.73,10.6,20.5,24.65,29.18,35.61,2018
India,Pune,29.66,7.95,19.19,30.75,21.4,99.44,2018
Pakistan,Lahore,29.53,6.67,18.5,26.83,26.39,51.44,2018
Kosovo (Disputed Territory),Pristina,29.25,9.38,19.67,25.97,22.78,64.57,2018
India,Chandigarh,29.04,6.47,18.15,29.4,20.18,68.83,2018
India,Ahmedabad,28.67,6.24,17.85,31.42,20.13,73.59,2018
India,Surat,28.66,4.69,17.1,31.97,19.84,57.84,2018
India,Chennai,28.42,7.12,18.14,31.17,18.26,72.34,2018
India,Goa,28.3,8.27,18.64,29.8,22.96,54.55,2018
India,Indore,28.06,4.66,16.78,27.74,17.77,50.42,2018
India,Kolkata,27.99,7.77,18.24,28.53,23.18,56.3,2018
India,Lucknow (Lakhnau),27.55,4.9,16.62,27.25,18.76,76.1,2018
Ukraine,Kiev,27.52,12.43,20.24,21.96,22.01,37.48,2018
India,Jaipur,27.11,5.19,16.54,27.65,18.48,76.5,2018
Pakistan,Karachi,27.1,7.46,17.63,25.6,21.62,39.06,2018
India,Hyderabad,26.92,6.89,17.26,27.6,18.93,80.9,2018
Egypt,Cairo,26.49,5.43,16.33,23.23,22.55,25.27,2018
Ukraine,Dnipropetrovsk,26.39,6.63,16.86,20.46,22.74,31.06,2018
India,Nagpur,26.23,4.96,15.97,26.55,18.73,95.19,2018
India,Bhopal,26.07,4.13,15.49,22.49,16.21,66.21,2018
India,Vadodara,25.59,4.01,15.18,27.85,16.02,80.63,2018
India,Mangalore,25.46,5.7,15.93,26.85,16.04,94.53,2018
Ukraine,Lviv,25.31,8.1,17.01,20.5,17.88,26.88,2018
India,Mysore,25.2,4.01,14.98,29.39,13.31,42.49,2018
India,Bhubaneswar,24.89,4.68,15.14,28.22,14.91,57.56,2018
Ukraine,Kharkiv,24.85,8.29,16.87,19.26,18.44,27.19,2018
India,Visakhapatnam,24.66,4.85,15.11,25.83,18.07,63.97,2018
India,Kochi,24.65,6.31,15.8,26.93,13.94,77.7,2018
India,Coimbatore,24.61,5.35,15.32,25.23,15.21,53.23,2018
Egypt,Alexandria,23.78,4.34,14.4,23.19,17.66,23.75,2018
India,Navi Mumbai,23.44,6.25,15.15,24.02,14.14,111.99,2018
India,Thiruvananthapuram,20.86,5.1,13.26,21.98,12.06,66.25,2018
